,,,,,,Jan-17,,,,,,
,,,,,,Draft Course Schedule,,,,,,
,,,,,Forced Times,,,Pattern Times,,,,
Course ID,Component ID,Start Date,End Date,Day,Start Time,Duration,Pattern Day,Pattern Start Time,Pattern Duration,Building ID,Room Number,Surname
ANTH102,A1,1/4/2017,4/26/2017,,,,Wednesday,11:30,1:30,AGO,7-212,Bouchard
ANTH102,A1,1/4/2017,4/26/2017,,,,Monday,11:30,1:30,AGO,7-212,Bouchard
ANTH200,A1,1/4/2017,4/7/2017,,,,Wednesday,16:00,1:30,AGO,7-150,ANTH
ANTH200,A1,1/4/2017,4/7/2017,,,,Monday,16:00,1:30,AGO,7-150,ANTH
ANTH201,A1,1/4/2017,4/26/2017,,,,Wednesday,14:30,1:30,TAL,Oct-34,ANTH
ANTH201,A1,1/4/2017,4/26/2017,,,,Monday,14:30,1:30,TAL,Oct-34,ANTH
ANTH211,A1,1/4/2017,4/26/2017,,,,Monday,18:00,3:00,AGO,7-158,Gibson
ANTH212,A1,1/4/2017,4/26/2017,,,,Thursday,13:00,1:30,LIB,5-157,Rahemtulla
ANTH212,A1,1/4/2017,4/26/2017,,,,Tuesday,13:00,1:30,LIB,5-157,Rahemtulla
ANTH213,A1,1/4/2017,4/7/2017,,,,Thursday,8:30,1:30,AGO,7-212,Bouchard
ANTH213,A1,1/4/2017,4/7/2017,,,,Tuesday,8:30,1:30,AGO,7-212,Bouchard
ANTH335,A1,1/4/2017,4/26/2017,,,,Tuesday,8:00,3:00,LAB8,8-364,Rahemtulla
ANTH409,A1,1/4/2017,4/26/2017,,,,Monday,8:00,3:00,LAB8,8-226,Rahemtulla
ANTH411,A1,1/4/2017,4/26/2017,,,,Thursday,13:00,1:30,TAL,Oct-74,ANTH
ANTH411,A1,1/4/2017,4/26/2017,,,,Tuesday,13:00,1:30,TAL,Oct-74,ANTH
ANTH451,A1,1/4/2017,4/26/2017,,,,Thursday,11:30,1:30,LIB,5-122,Gibson
ANTH451,A1,1/4/2017,4/26/2017,,,,Tuesday,11:30,1:30,LIB,5-122,Gibson
ANTH460,A1,1/4/2017,4/7/2017,,,,Monday,14:30,3:00,LIB,5-121,Smith
ANTH609,A1,1/4/2017,4/26/2017,,,,Monday,8:00,3:00,LAB8,8-226,Rahemtulla
ANTH611,A1,1/4/2017,4/26/2017,,,,Thursday,13:00,1:30,TAL,Oct-74,ANTH
ANTH611,A1,1/4/2017,4/26/2017,,,,Tuesday,13:00,1:30,TAL,Oct-74,ANTH
ASTR120,A1,1/4/2017,4/26/2017,,,,Wednesday,10:00,1:30,LIB,5-173,PHYS
ASTR120,A1,1/4/2017,4/26/2017,,,,Monday,10:00,1:30,LIB,5-173,PHYS
BCMB255,L1,1/4/2017,4/7/2017,,,,Friday,11:30,3:00,LAB8,8-424,Erasmus
BCMB255,L2,1/4/2017,4/7/2017,,,,Thursday,15:00,3:00,LAB8,8-424,Erasmus
BCMB255,L3,1/4/2017,4/7/2017,,,,Tuesday,18:00,3:00,LAB8,8-424,Erasmus
BCMB255,A1,1/4/2017,4/7/2017,,,,Monday,16:30,1:00,LAB8,8-164,Erasmus
BCMB340,A1,1/4/2017,4/7/2017,,,,Thursday,8:30,1:30,LIB,5-177,Rader
BCMB340,A1,1/4/2017,4/7/2017,,,,Tuesday,8:30,1:30,LIB,5-177,Rader
BCMB402,A1,1/4/2017,4/7/2017,,,,Friday,9:30,1:00,TAL,Oct-74,Gorrell
BCMB402,A1,1/4/2017,4/7/2017,,,,Wednesday,9:30,1:00,TAL,Oct-74,Gorrell
BCMB402,A1,1/4/2017,4/7/2017,,,,Monday,9:30,1:00,TAL,Oct-74,Gorrell
BCMB403,A1,1/4/2017,4/7/2017,,,,Thursday,11:30,1:30,LIB,5-178,CHEM
BCMB403,A1,1/4/2017,4/7/2017,,,,Tuesday,11:30,1:30,LIB,5-178,CHEM
BCMB602,A1,1/4/2017,4/7/2017,,,,Tuesday,8:30,3:00,TAL,Oct-74,Gorrell
BCMB704,A1,1/4/2017,4/7/2017,,,,Thursday,11:30,1:30,TAL,Oct-34,Gorrell
BIOL104,A1,1/4/2017,4/7/2017,Friday,11:30,1:00,,,,CFC,6-213,Rea
BIOL104,A1,1/4/2017,4/7/2017,Wednesday,11:30,1:00,,,,CFC,6-213,Rea
BIOL104,A1,1/4/2017,4/7/2017,Monday,11:30,1:00,,,,CFC,6-213,Rea
BIOL104,A2,1/4/2017,4/7/2017,Friday,10:30,1:00,,,,CFC,6-213,Rea
BIOL104,A2,1/4/2017,4/7/2017,Wednesday,10:30,1:00,,,,CFC,6-213,Rea
BIOL104,A2,1/4/2017,4/7/2017,Monday,10:30,1:00,,,,CFC,6-213,Rea
BIOL110,A1,1/4/2017,4/7/2017,,,,Friday,8:30,1:00,LAB8,8-164,Coxson
BIOL110,A1,1/4/2017,4/7/2017,,,,Wednesday,8:30,1:00,LAB8,8-164,Coxson
BIOL110,A1,1/4/2017,4/7/2017,,,,Monday,8:30,1:00,LAB8,8-164,Coxson
BIOL124,L2,1/4/2017,4/7/2017,Tuesday,11:30,3:00,,,,LAB8,8-322,BIOL
BIOL124,L3,1/4/2017,4/7/2017,Tuesday,15:00,3:00,,,,LAB8,8-322,BIOL
BIOL124,L6,1/4/2017,4/7/2017,Wednesday,15:00,3:00,,,,LAB8,8-322,BIOL
BIOL124,L7,1/4/2017,4/7/2017,Thursday,8:00,3:00,,,,LAB8,8-322,BIOL
BIOL124,L8,1/4/2017,4/7/2017,Thursday,11:30,3:00,,,,LAB8,8-322,BIOL
BIOL202,A1,1/4/2017,4/7/2017,,,,Friday,16:30,1:00,LIB,5-178,Huber
BIOL202,A1,1/4/2017,4/7/2017,,,,Wednesday,16:30,1:00,LIB,5-178,Huber
BIOL202,L1,1/4/2017,4/7/2017,,,,Thursday,11:30,3:00,LAB8,8-325,Huber
BIOL202,L2,1/4/2017,4/7/2017,,,,Tuesday,15:00,3:00,LAB8,8-325,Huber
BIOL203,A1,1/4/2017,4/7/2017,,,,Wednesday,14:30,1:00,CFC,6-213,Egger
BIOL203,A1,1/4/2017,4/7/2017,,,,Monday,14:30,1:00,CFC,6-213,Egger
BIOL203,L1,1/4/2017,4/7/2017,Tuesday,18:00,3:00,,,,LAB8,8-321,Blair
BIOL203,L2,1/4/2017,4/7/2017,,,,Tuesday,15:00,3:00,LAB8,8-321,Blair
BIOL203,L3,1/4/2017,4/7/2017,,,,Tuesday,8:00,3:00,LAB8,8-321,Blair
BIOL203,L4,1/4/2017,4/7/2017,,,,Wednesday,8:00,3:00,LAB8,8-321,Blair
BIOL210,A1,1/4/2017,4/7/2017,,,,Friday,9:30,1:00,AGO,7-152,Murray
BIOL210,A1,1/4/2017,4/7/2017,,,,Wednesday,9:30,1:00,AGO,7-152,Murray
BIOL210,A1,1/4/2017,4/7/2017,,,,Monday,9:30,1:00,AGO,7-152,Murray
BIOL210,T1,1/4/2017,4/7/2017,,,,Friday,13:30,1:00,LIB,5-177,Murray
BIOL302,A1,1/4/2017,4/7/2017,Friday,14:30,1:00,,,,LIB,5-184,Petticrew
BIOL302,A1,1/4/2017,4/7/2017,Wednesday,14:30,1:00,,,,LIB,5-184,Petticrew
BIOL302,L1,1/4/2017,4/7/2017,Friday,11:30,3:00,,,,LAB8,8-321,Petticrew
BIOL304,A1,1/4/2017,4/7/2017,,,,Thursday,11:30,1:00,LIB,5-121,Fredeen
BIOL304,A1,1/4/2017,4/7/2017,,,,Tuesday,11:30,1:00,LIB,5-121,Fredeen
BIOL304,L1,1/4/2017,4/7/2017,,,,Monday,11:30,3:00,LAB8,8-325,Fredeen
BIOL312,A1,1/4/2017,4/7/2017,,,,Friday,10:00,1:30,AGO,7-150,Payne
BIOL312,A1,1/4/2017,4/7/2017,,,,Wednesday,10:00,1:30,AGO,7-150,Payne
BIOL312,A1,1/4/2017,4/7/2017,,,,Friday,10:00,1:30,AGO,7-150,Huber
BIOL312,A1,1/4/2017,4/7/2017,,,,Wednesday,10:00,1:30,AGO,7-150,Huber
BIOL315,A1,1/4/2017,4/7/2017,,,,Thursday,15:30,1:00,LIB,5-177,Dawson
BIOL315,A1,1/4/2017,4/7/2017,,,,Tuesday,15:30,1:00,LIB,5-177,Dawson
BIOL315,L1,1/4/2017,4/7/2017,,,,Monday,15:00,3:00,LAB8,8-325,Dawson
BIOL315,L2,1/4/2017,4/7/2017,,,,Monday,8:00,3:00,LAB8,8-325,Dawson
BIOL315,L2,1/4/2017,4/7/2017,,,,Monday,8:00,3:00,LAB8,8-317,Dawson
BIOL321,A1,1/4/2017,4/7/2017,,,,Wednesday,11:30,1:00,LIB,5-184,Parker
BIOL321,A1,1/4/2017,4/7/2017,,,,Monday,11:30,1:00,LIB,5-184,Parker
BIOL321,L1,1/4/2017,4/7/2017,,,,Thursday,8:00,3:00,LAB8,8-325,Parker
BIOL321,L2,1/4/2017,4/7/2017,,,,Tuesday,11:30,3:00,LAB8,8-325,Parker
BIOL323,A1,1/4/2017,4/7/2017,,,,Friday,13:30,1:00,AGO,7-238,Dawson
BIOL323,A1,1/4/2017,4/7/2017,,,,Wednesday,13:30,1:00,AGO,7-238,Dawson
BIOL323,A1,1/4/2017,4/7/2017,,,,Monday,13:30,1:00,AGO,7-238,Dawson
BIOL323,T1,1/4/2017,4/7/2017,,,,Wednesday,12:30,1:00,LAB8,8-164,Dawson
BIOL325,A1,1/4/2017,4/7/2017,,,,Thursday,14:30,1:00,AGO,7-150,Gillingham
BIOL325,A1,1/4/2017,4/7/2017,,,,Tuesday,14:30,1:00,AGO,7-150,Gillingham
BIOL325,L1,1/4/2017,4/7/2017,,,,Tuesday,8:00,3:00,LAB8,8-365,Gillingham
BIOL325,L1,1/4/2017,4/7/2017,,,,Tuesday,8:00,3:00,LAB8,8-362,Gillingham
BIOL350,A1,1/4/2017,4/7/2017,,,,Friday,16:00,1:30,LIB,5-177,Young
BIOL350,A1,1/4/2017,4/7/2017,,,,Wednesday,16:00,1:30,LIB,5-177,Young
BIOL411,L2,1/4/2017,4/7/2017,Tuesday,11:30,2:00,,,,LIB,5-405,Johnson
BIOL411,L2,1/4/2017,4/7/2017,Tuesday,11:30,2:00,,,,LAB8,8-129,Johnson
BIOL411,L1,1/4/2017,4/7/2017,Friday,9:00,2:00,,,,LIB,5-405,Johnson
BIOL411,L1,1/4/2017,4/7/2017,Friday,9:00,2:00,,,,LAB8,8-129,Johnson
BIOL411,A1,1/4/2017,4/7/2017,,,,Thursday,10:30,1:00,LIB,5-140D,Johnson
BIOL411,A1,1/4/2017,4/7/2017,,,,Tuesday,10:30,1:00,LIB,5-140D,Johnson
BIOL413,A1,1/4/2017,4/7/2017,,,,Thursday,13:30,1:00,TAL,Oct-72,Gillingham
BIOL413,A1,1/4/2017,4/7/2017,,,,Tuesday,13:30,1:00,TAL,Oct-72,Gillingham
BIOL413,L1,1/4/2017,4/7/2017,,,,Monday,11:30,3:00,LAB8,8-127,Gillingham
BIOL414,C1,1/4/2017,4/7/2017,,,,Monday,15:00,3:00,TAL,Oct-34,Shrimpton
BIOL414,C1,1/4/2017,4/7/2017,,,,Monday,15:00,3:00,LAB8,8-317,Shrimpton
BIOL414,C1,1/4/2017,4/7/2017,,,,Thursday,14:30,1:00,LIB,5-405,Shrimpton
BIOL414,C1,1/4/2017,4/7/2017,,,,Tuesday,14:30,1:00,LIB,5-405,Shrimpton
BIOL420,C1,1/4/2017,4/7/2017,,,,Thursday,11:30,1:00,LIB,5-158,Otter
BIOL420,C1,1/4/2017,4/7/2017,,,,Tuesday,11:30,1:00,LIB,5-158,Otter
BIOL420,C1,1/4/2017,4/7/2017,,,,Friday,13:30,2:00,LIB,5-158,Otter
BIOL421,A1,1/4/2017,4/7/2017,,,,Wednesday,11:30,1:30,LIB,5-158,Huber
BIOL421,A1,1/4/2017,4/7/2017,,,,Monday,11:30,1:30,LIB,5-158,Huber
BIOL421,A1,1/4/2017,4/7/2017,,,,Wednesday,11:30,1:30,LIB,5-158,Massicotte
BIOL421,A1,1/4/2017,4/7/2017,,,,Monday,11:30,1:30,LIB,5-158,Massicotte
BIOL425,A1,1/4/2017,4/7/2017,,,,Tuesday,16:30,1:00,LIB,5-121,Murray
BIOL425,L1,1/4/2017,4/7/2017,,,,Wednesday,11:30,6:00,LAB8,8-317,Murray
BIOL601,A1,1/4/2017,4/7/2017,,,,Thursday,14:30,1:00,LIB,5-140D,Johnson
BIOL601,A1,1/4/2017,4/7/2017,,,,Tuesday,14:30,1:00,LIB,5-140D,Johnson
BIOL601,L2,1/4/2017,4/7/2017,Tuesday,11:30,2:00,,,,LAB8,8-161,Johnson
BIOL601,L1,1/4/2017,4/7/2017,Friday,9:00,2:00,,,,LIB,5-405,Johnson
BIOL601,L1,1/4/2017,4/7/2017,Friday,9:00,2:00,,,,LAB8,8-129,Johnson
BIOL602,C1,1/4/2017,4/7/2017,,,,Thursday,14:30,1:00,LIB,5-405,Shrimpton
BIOL602,C1,1/4/2017,4/7/2017,,,,Tuesday,14:30,1:00,LIB,5-405,Shrimpton
BIOL602,C1,1/4/2017,4/7/2017,,,,Monday,15:00,3:00,TAL,Oct-34,Shrimpton
BIOL602,C1,1/4/2017,4/7/2017,,,,Monday,15:00,3:00,LAB8,8-317,Shrimpton
BIOL605,A1,1/4/2017,4/7/2017,,,,Thursday,13:30,1:00,TAL,Oct-72,Gillingham
BIOL605,A1,1/4/2017,4/7/2017,,,,Tuesday,13:30,1:00,TAL,Oct-72,Gillingham
BIOL605,L1,1/4/2017,4/7/2017,,,,Monday,11:30,3:00,LAB8,8-127,Gillingham
BIOL611,A1,1/4/2017,4/7/2017,,,,Wednesday,11:30,1:30,LIB,5-158,Huber
BIOL611,A1,1/4/2017,4/7/2017,,,,Monday,11:30,1:30,LIB,5-158,Huber
BIOL611,A1,1/4/2017,4/7/2017,,,,Wednesday,11:30,1:30,LIB,5-158,Massicotte
BIOL611,A1,1/4/2017,4/7/2017,,,,Monday,11:30,1:30,LIB,5-158,Massicotte
BIOL620,C1,1/4/2017,4/7/2017,,,,Thursday,11:30,1:00,LIB,5-158,Otter
BIOL620,C1,1/4/2017,4/7/2017,,,,Tuesday,11:30,1:00,LIB,5-158,Otter
BIOL620,C1,1/4/2017,4/7/2017,,,,Friday,13:30,2:00,LIB,5-158,Otter
BIOL625,A1,1/4/2017,4/7/2017,,,,Tuesday,16:30,1:00,LIB,5-121,Murray
BIOL625,L1,1/4/2017,4/7/2017,,,,Wednesday,11:30,6:00,LAB8,8-317,Murray
CHEM101,A1,1/4/2017,4/7/2017,Friday,10:30,1:00,,,,AGO,7-212,Reimer
CHEM101,A1,1/4/2017,4/7/2017,Wednesday,10:30,1:00,,,,AGO,7-212,Reimer
CHEM101,A1,1/4/2017,4/7/2017,Monday,10:30,1:00,,,,AGO,7-212,Reimer
CHEM101,A2,1/4/2017,4/7/2017,Friday,11:30,1:00,,,,AGO,7-238,Reimer
CHEM101,A2,1/4/2017,4/7/2017,Wednesday,11:30,1:00,,,,AGO,7-238,Reimer
CHEM101,A2,1/4/2017,4/7/2017,Monday,11:30,1:00,,,,AGO,7-238,Reimer
CHEM121,L1,1/4/2017,4/7/2017,Tuesday,8:00,3:00,,,,LAB8,8-421,Parshotam
CHEM121,L2,1/4/2017,4/7/2017,Tuesday,11:30,3:00,,,,LAB8,8-421,Parshotam
CHEM121,L3,1/4/2017,4/7/2017,Tuesday,15:00,3:00,,,,LAB8,8-421,Parshotam
CHEM121,L5,1/4/2017,4/7/2017,Tuesday,18:00,3:00,,,,LAB8,8-421,Parshotam
CHEM121,L6,1/4/2017,4/7/2017,Thursday,8:00,3:00,,,,LAB8,8-421,Parshotam
CHEM121,L7,1/4/2017,4/7/2017,Thursday,11:30,3:00,,,,LAB8,8-421,Parshotam
CHEM121,L8,1/4/2017,4/7/2017,Thursday,15:00,3:00,,,,LAB8,8-421,Parshotam
CHEM202,A1,1/4/2017,4/7/2017,,,,Friday,11:30,1:30,TAL,Oct-60,Whitcombe
CHEM202,A1,1/4/2017,4/7/2017,,,,Wednesday,11:30,1:30,TAL,Oct-60,Whitcombe
CHEM203,A1,1/4/2017,4/7/2017,Thursday,8:30,1:30,,,,LAB8,8-166,Plourde
CHEM203,A1,1/4/2017,4/7/2017,Tuesday,8:30,1:30,,,,LAB8,8-166,Plourde
CHEM203,A2,1/4/2017,4/26/2017,Thursday,10:00,1:30,,,,LAB8,8-166,Plourde
CHEM203,A2,1/4/2017,4/26/2017,Tuesday,10:00,1:30,,,,LAB8,8-166,Plourde
CHEM204,A1,1/4/2017,4/7/2017,Thursday,8:30,1:30,,,,LAB8,8-164,Erasmus
CHEM204,A1,1/4/2017,4/7/2017,Tuesday,8:30,1:30,,,,LAB8,8-164,Erasmus
CHEM204,A2,1/4/2017,4/26/2017,Thursday,10:00,1:30,,,,LAB8,8-164,Erasmus
CHEM204,A2,1/4/2017,4/26/2017,Tuesday,10:00,1:30,,,,LAB8,8-164,Erasmus
CHEM220,A1,1/4/2017,4/7/2017,,,,Friday,10:30,1:00,AGO,7-158,Gorrell
CHEM220,A1,1/4/2017,4/7/2017,,,,Wednesday,10:30,1:00,AGO,7-158,Gorrell
CHEM220,A1,1/4/2017,4/7/2017,,,,Monday,10:30,1:00,AGO,7-158,Gorrell
CHEM251,L1,1/4/2017,4/7/2017,,,,Tuesday,11:30,3:00,LAB8,8-420,Bott
CHEM251,L2,1/4/2017,4/7/2017,,,,Monday,11:30,3:00,LAB8,8-420,CHEM
CHEM251,L3,1/4/2017,4/7/2017,,,,Tuesday,15:00,3:00,LAB8,8-420,CHEM
CHEM251,L4,1/4/2017,4/7/2017,,,,Friday,15:00,3:00,LAB8,8-420,CHEM
CHEM251,L5,1/4/2017,4/7/2017,,,,Friday,11:30,3:00,LAB8,8-420,CHEM
CHEM251,L6,1/4/2017,4/7/2017,,,,Wednesday,11:30,3:00,LAB8,8-420,CHEM
CHEM251,L7,1/4/2017,4/7/2017,,,,Friday,8:00,3:00,LAB8,8-420,CHEM
CHEM300,A1,1/4/2017,4/7/2017,,,,Friday,11:30,1:00,TAL,Oct-72,Mandy
CHEM300,A1,1/4/2017,4/7/2017,,,,Wednesday,11:30,1:00,TAL,Oct-72,Mandy
CHEM300,A1,1/4/2017,4/7/2017,,,,Monday,11:30,1:00,TAL,Oct-72,Mandy
CHEM300,T1,1/4/2017,4/7/2017,,,,Monday,10:30,1:00,TAL,Oct-74,Mandy
CHEM301,A1,1/4/2017,4/26/2017,,,,Wednesday,14:30,1:30,TAL,Oct-44,Plourde
CHEM301,A1,1/4/2017,4/26/2017,,,,Monday,14:30,1:30,TAL,Oct-44,Plourde
CHEM315,L1,1/4/2017,4/7/2017,Wednesday,14:30,3:00,,,,LAB8,8-417,
CHEM315,L1,1/4/2017,4/7/2017,Monday,14:30,3:00,,,,LAB8,8-417,
CHEM322,L1,1/4/2017,4/7/2017,Wednesday,14:30,3:00,,,,LAB8,8-420,Parshotam
CHEM322,L1,1/4/2017,4/7/2017,Monday,14:30,3:00,,,,LAB8,8-420,Parshotam
CHEM402,A1,1/4/2017,4/7/2017,,,,Thursday,16:00,1:30,TAL,Oct-72,Bott
CHEM402,A1,1/4/2017,4/7/2017,,,,Tuesday,16:00,1:30,TAL,Oct-72,Bott
CHEM404,A1,1/4/2017,4/26/2017,,,,Friday,15:30,1:00,LAB8,8-161,Mandy
CHEM404,A1,1/4/2017,4/26/2017,,,,Wednesday,15:30,1:00,LAB8,8-161,Mandy
CHEM404,A1,1/4/2017,4/26/2017,,,,Monday,15:30,1:00,LAB8,8-161,Mandy
CHEM407,L1,1/4/2017,4/7/2017,Thursday,14:30,3:00,,,,LAB8,8-417,Reimer
CHEM407,L1,1/4/2017,4/7/2017,Tuesday,14:30,3:00,,,,LAB8,8-417,Reimer
CHEM604,A1,1/4/2017,4/26/2017,,,,Friday,15:30,1:00,LAB8,8-161,Mandy
CHEM604,A1,1/4/2017,4/26/2017,,,,Wednesday,15:30,1:00,LAB8,8-161,Mandy
CHEM604,A1,1/4/2017,4/26/2017,,,,Monday,15:30,1:00,LAB8,8-161,Mandy
CHEM714,A1,1/4/2017,4/7/2017,,,,Thursday,11:30,1:30,TAL,Oct-34,Gorrell
COMM100,A1,1/4/2017,4/7/2017,,,,Wednesday,14:30,3:00,AGO,7-158,Scott
COMM100,A2,1/4/2017,4/7/2017,,,,Tuesday,18:00,3:00,AGO,7-150,Bankole
COMM210,A1,1/4/2017,4/7/2017,,,,Thursday,8:30,3:00,AGO,7-150,Fellers
COMM211,A1,1/4/2017,4/7/2017,,,,Wednesday,14:30,3:00,TAL,Oct-88,Abioye
COMM220,A1,1/4/2017,4/7/2017,,,,Monday,18:00,3:00,AGO,7-152,Abioye
COMM230,A1,1/4/2017,4/7/2017,,,,Thursday,14:30,3:00,TAL,7-238,Sra
COMM240,A1,1/4/2017,4/7/2017,,,,Wednesday,11:30,3:00,TAL,Oct-88,COMM
COMM251,A1,1/4/2017,4/7/2017,,,,Friday,14:30,3:00,LIB,7-152,Deo
COMM300,A1,1/4/2017,4/7/2017,,,,Tuesday,18:00,3:00,TAL,Oct-88,COMM
COMM303,A1,1/4/2017,4/7/2017,,,,Wednesday,11:30,3:00,TAL,Oct-20,Gao
COMM305,A1,1/4/2017,4/26/2017,,,,Tuesday,11:30,3:00,TAL,Oct-88,Scott
COMM310,A1,1/4/2017,4/7/2017,,,,Wednesday,11:30,3:00,TAL,Oct-74,Fellers
COMM311,A1,1/4/2017,4/7/2017,,,,Monday,8:30,3:00,TAL,Oct-34,Fellers
COMM312,A1,1/4/2017,4/7/2017,,,,Friday,14:30,1:30,TAL,Oct-20,Cuthbertson
COMM312,A1,1/4/2017,4/7/2017,,,,Monday,14:30,1:30,TAL,Oct-20,Cuthbertson
COMM314,A1,1/4/2017,4/7/2017,,,,Thursday,10:00,1:30,TAL,Oct-20,Cuthbertson
COMM314,A1,1/4/2017,4/7/2017,,,,Tuesday,10:00,1:30,TAL,Oct-20,Cuthbertson
COMM315,A1,1/4/2017,4/7/2017,,,,Friday,11:30,3:00,TAL,Oct-88,Sra
COMM320,A1,1/4/2017,4/7/2017,,,,Thursday,11:30,3:00,TAL,Oct-88,Chowdhury
COMM321,A1,1/4/2017,4/7/2017,,,,Tuesday,11:30,3:00,TAL,Oct-34,Abioye
COMM323,A1,1/4/2017,4/7/2017,,,,Friday,14:30,3:00,AGO,7-150,Gao
COMM330,A1,1/4/2017,4/7/2017,,,,Wednesday,18:00,3:00,AGO,7-150,Biles
COMM332,A1,1/4/2017,4/7/2017,,,,Monday,18:00,3:00,AGO,7-150,Bankole
COMM334,A1,1/4/2017,4/7/2017,,,,Thursday,18:00,3:00,TAL,Oct-88,Forster
COMM341,A1,1/4/2017,4/7/2017,,,,Monday,14:30,3:00,TAL,5-171,Scott
COMM347,A1,1/4/2017,4/7/2017,,,,Friday,11:30,3:00,TAL,Oct-20,COMM
COMM347,A1,1/4/2017,4/7/2017,,,,Friday,11:30,3:00,LIB,5-168,COMM
COMM350,A1,1/4/2017,4/7/2017,,,,Monday,11:30,3:00,TAL,Oct-88,Deo
COMM351,A1,1/4/2017,4/7/2017,,,,Friday,8:30,3:00,AGO,8-166,Haque
COMM352,A1,1/4/2017,4/7/2017,,,,Monday,18:00,3:00,LIB,5-154,COMM
COMM354,A1,1/4/2017,4/7/2017,,,,Tuesday,14:30,3:00,LIB,5-154,COMM
COMM400,A1,1/4/2017,4/7/2017,,,,Thursday,11:30,3:00,AGO,7-150,Gao
COMM411,A1,1/4/2017,4/7/2017,,,,Thursday,8:30,1:30,TAL,Oct-88,Cuthbertson
COMM411,A1,1/4/2017,4/7/2017,,,,Tuesday,8:30,1:30,TAL,Oct-88,Cuthbertson
COMM414,A1,1/4/2017,4/7/2017,,,,Thursday,14:30,1:30,TAL,Oct-88,Cuthbertson
COMM414,A1,1/4/2017,4/7/2017,,,,Tuesday,14:30,1:30,TAL,Oct-88,Cuthbertson
COMM420,A1,1/4/2017,4/7/2017,,,,Monday,11:30,3:00,TAL,Oct-20,Chowdhury
COMM421,A1,1/4/2017,4/26/2017,,,,Wednesday,8:30,3:00,TAL,Oct-20,Chen
COMM422,A1,1/4/2017,4/7/2017,,,,Friday,8:30,3:00,TAL,Oct-20,Chen
COMM431,A1,1/4/2017,4/7/2017,,,,Wednesday,18:00,3:00,TAL,Oct-20,Evans
COMM433,A1,1/4/2017,4/7/2017,,,,Tuesday,18:00,3:00,LIB,5-172,Rahman
COMM436,A1,1/4/2017,4/7/2017,,,,Monday,18:00,3:00,TAL,Oct-88,Evans
COMM441,A1,1/4/2017,4/7/2017,,,,Tuesday,11:30,3:00,LIB,5-171,COMM
COMM442,A1,1/4/2017,4/7/2017,,,,Monday,8:30,3:00,LIB,5-157,COMM
CPSC101,T2,1/4/2017,4/7/2017,Thursday,8:30,1:30,,,,LIB,5-159,CPSC
CPSC101,T1,1/4/2017,4/7/2017,Thursday,16:00,1:30,,,,LIB,5-159,Zahir
CPSC101,L4,1/4/2017,4/7/2017,Thursday,10:00,1:30,,,,LAB8,8-457,CPSCLAB
CPSC101,L3,1/4/2017,4/7/2017,Tuesday,16:00,1:30,,,,LAB8,8-457,CPSCLAB
CPSC101,L2,1/4/2017,4/7/2017,Tuesday,14:30,1:30,,,,LAB8,8-457,CPSCLAB
CPSC101,L1,1/4/2017,4/7/2017,Tuesday,10:00,1:30,,,,LAB8,8-457,CPSCLAB
CPSC101,A1,1/4/2017,4/7/2017,Friday,15:30,1:00,,,,LIB,5-176,Zahir
CPSC101,A1,1/4/2017,4/7/2017,Wednesday,15:30,1:00,,,,LIB,5-176,Zahir
CPSC101,A1,1/4/2017,4/7/2017,Monday,15:30,1:00,,,,LIB,5-176,Zahir
CPSC110,L5,1/4/2017,4/7/2017,,,,Monday,8:30,1:30,LAB8,8-457,
CPSC110,T2,1/4/2017,4/7/2017,,,,Thursday,14:30,1:30,LAB8,8-161,Kranz
CPSC110,T3,1/4/2017,4/7/2017,,,,Monday,11:30,1:30,LAB8,8-161,
CPSC110,L4,1/4/2017,4/7/2017,,,,Thursday,8:30,1:30,LAB8,8-457,
CPSC110,T1,1/4/2017,4/7/2017,Tuesday,14:30,1:30,,,,LAB8,8-161,CPSC
CPSC110,L3,1/4/2017,4/7/2017,Friday,14:30,1:30,,,,LAB8,8-457,CPSCLAB
CPSC110,L2,1/4/2017,4/7/2017,Tuesday,13:00,1:30,,,,LAB8,8-457,CPSCLAB
CPSC110,L1,1/4/2017,4/7/2017,Wednesday,16:00,1:30,,,,LAB8,8-457,Kranz
CPSC110,A1,1/4/2017,4/7/2017,Friday,8:30,1:00,,,,LIB,5-177,Kranz
CPSC110,A1,1/4/2017,4/7/2017,Wednesday,8:30,1:00,,,,LIB,5-177,Kranz
CPSC110,A1,1/4/2017,4/7/2017,Monday,8:30,1:00,,,,LIB,5-177,Kranz
CPSC222,A1,1/4/2017,4/7/2017,,,,Monday,8:30,3:00,TAL,Oct-20,Casperson
CPSC231,L2,1/4/2017,4/7/2017,,,,Wednesday,10:00,1:30,TAL,Oct-54,CPSCLAB
CPSC231,L1,1/4/2017,4/7/2017,,,,Tuesday,13:00,1:30,TAL,Oct-54,Aravind
CPSC231,A1,1/4/2017,4/7/2017,,,,Wednesday,13:00,1:30,TAL,Oct-60,Aravind
CPSC231,A1,1/4/2017,4/7/2017,,,,Monday,13:00,1:30,TAL,Oct-60,Aravind
CPSC242,A1,1/4/2017,4/7/2017,,,,Thursday,10:00,1:30,TAL,Oct-34,Chen
CPSC242,A1,1/4/2017,4/7/2017,,,,Tuesday,10:00,1:30,TAL,Oct-34,Chen
CPSC250,A1,1/4/2017,4/7/2017,,,,Wednesday,10:00,1:30,LAB8,8-362,Kranz
CPSC250,A1,1/4/2017,4/7/2017,,,,Monday,10:00,1:30,LAB8,8-362,Kranz
CPSC250,A2,1/4/2017,4/7/2017,,,,Thursday,18:30,1:30,LAB8,8-362,Hirt
CPSC250,A2,1/4/2017,4/7/2017,,,,Tuesday,18:30,1:30,LAB8,8-362,Hirt
CPSC281,A1,1/4/2017,4/7/2017,,,,Thursday,8:30,1:30,TAL,Oct-72,Haque
CPSC281,A1,1/4/2017,4/7/2017,,,,Tuesday,8:30,1:30,TAL,Oct-72,Haque
CPSC324,A1,1/4/2017,4/7/2017,,,,Wednesday,16:00,1:30,LIB,5-159,Hirt
CPSC324,A1,1/4/2017,4/7/2017,,,,Monday,16:00,1:30,LIB,5-159,Hirt
CPSC371,A1,1/4/2017,4/7/2017,,,,Thursday,13:00,1:30,LIB,5-158,Marusiak
CPSC371,A1,1/4/2017,4/7/2017,,,,Tuesday,13:00,1:30,LIB,5-158,Marusiak
CPSC377,L1,1/4/2017,4/26/2017,,,,Tuesday,11:30,1:30,TAL,Oct-54,Kranz
CPSC377,A1,1/4/2017,4/26/2017,,,,Thursday,16:30,1:00,TAL,Oct-20,Kranz
CPSC377,A1,1/4/2017,4/26/2017,,,,Tuesday,16:30,1:00,TAL,Oct-20,Kranz
CPSC377,L2,1/4/2017,4/26/2017,,,,Monday,11:30,1:30,TAL,Oct-54,Kranz
CPSC441,A1,1/4/2017,4/7/2017,,,,Thursday,8:30,1:30,TAL,Oct-34,Polajnar
CPSC441,A1,1/4/2017,4/7/2017,,,,Tuesday,8:30,1:30,TAL,Oct-34,Polajnar
CPSC482,A1,1/4/2017,4/7/2017,,,,Friday,10:00,1:30,TAL,Oct-44,Chen
CPSC482,A1,1/4/2017,4/7/2017,,,,Wednesday,10:00,1:30,TAL,Oct-44,Chen
CPSC641,A1,1/4/2017,4/7/2017,,,,Thursday,8:30,1:30,TAL,Oct-34,Polajnar
CPSC641,A1,1/4/2017,4/7/2017,,,,Tuesday,8:30,1:30,TAL,Oct-34,Polajnar
CPSC682,A1,1/4/2017,4/26/2017,,,,Friday,10:00,1:30,TAL,Oct-44,Chen
CPSC682,A1,1/4/2017,4/26/2017,,,,Wednesday,10:00,1:30,TAL,Oct-44,Chen
CPSC704,A1,1/4/2017,4/7/2017,,,,Tuesday,13:00,1:30,LIB,5-159,Chen
CPSC706,A1,1/4/2017,4/7/2017,,,,Tuesday,8:00,3:00,LIB,5-159,Zahir
ECON100,A1,1/4/2017,4/7/2017,Thursday,14:30,1:30,,,,LAB8,8-164,Nawaz
ECON100,A1,1/4/2017,4/7/2017,Tuesday,14:30,1:30,,,,LAB8,8-164,Nawaz
ECON101,A1,1/4/2017,4/7/2017,Thursday,10:00,1:30,,,,AGO,7-212,Bhullar
ECON101,A1,1/4/2017,4/7/2017,Tuesday,10:00,1:30,,,,AGO,7-212,Bhullar
ECON205,A1,1/4/2017,4/7/2017,,,,Thursday,13:00,1:30,LAB8,8-164,Wang
ECON205,A1,1/4/2017,4/7/2017,,,,Tuesday,13:00,1:30,LAB8,8-164,Wang
ECON205,L1,1/4/2017,4/7/2017,,,,Wednesday,8:30,1:00,LAB8,8-364,Wang
ECON205,L2,1/4/2017,4/7/2017,,,,Tuesday,14:30,1:00,LAB8,8-364,Wang
ECON205,L3,1/4/2017,4/7/2017,,,,Tuesday,11:30,1:00,LAB8,8-364,Wang
ECON205,L4,1/4/2017,4/7/2017,,,,Tuesday,16:30,1:00,LAB8,8-364,Wang
ECON205,L5,1/4/2017,4/7/2017,,,,Wednesday,10:30,1:00,LAB8,8-364,Wang
ECON205,L6,1/4/2017,4/7/2017,,,,Friday,8:30,1:00,LAB8,8-364,Wang
ECON311,A1,1/4/2017,4/7/2017,,,,Thursday,16:00,1:30,LAB8,8-166,Nawaz
ECON311,A1,1/4/2017,4/7/2017,,,,Tuesday,16:00,1:30,LAB8,8-166,Nawaz
ECON321,A1,1/4/2017,4/7/2017,,,,Wednesday,13:00,1:30,LIB,5-177,Bhullar
ECON321,A1,1/4/2017,4/7/2017,,,,Monday,13:00,1:30,LIB,5-177,Bhullar
ECON331,A1,1/4/2017,4/7/2017,,,,Wednesday,10:00,1:30,LIB,5-176,Fredj
ECON331,A1,1/4/2017,4/7/2017,,,,Monday,10:00,1:30,LIB,5-176,Fredj
ECON404,A1,1/4/2017,4/7/2017,,,,Friday,14:30,1:30,TAL,Oct-74,Nawaz
ECON404,A1,1/4/2017,4/7/2017,,,,Wednesday,14:30,1:30,TAL,Oct-74,Nawaz
ECON410,A1,1/4/2017,4/7/2017,,,,Monday,8:30,3:00,LIB,5-158,
ECON604,A1,1/4/2017,4/7/2017,,,,Friday,14:30,1:30,TAL,Oct-74,Nawaz
ECON604,A1,1/4/2017,4/7/2017,,,,Wednesday,14:30,1:30,TAL,Oct-74,Nawaz
ECON712,A1,1/4/2017,4/7/2017,,,,Monday,8:30,3:00,LAB8,8-160,Safaei Boroojeny
ENGL100,A1,1/4/2017,4/7/2017,Thursday,10:00,1:30,,,,CFC,6-213,Hutchings
ENGL100,A1,1/4/2017,4/7/2017,Tuesday,10:00,1:30,,,,CFC,6-213,Hutchings
ENGL104,A1,1/4/2017,4/7/2017,,,,Wednesday,8:30,1:30,LAB8,8-166,ENGL
ENGL104,A1,1/4/2017,4/7/2017,,,,Monday,8:30,1:30,LAB8,8-166,ENGL
ENGL170,A3,1/4/2017,4/7/2017,Friday,9:30,1:00,,,,LIB,5-168,ENGL
ENGL170,A3,1/4/2017,4/7/2017,Wednesday,9:30,1:00,,,,LIB,5-168,ENGL
ENGL170,A3,1/4/2017,4/7/2017,Monday,9:30,1:00,,,,LIB,5-168,ENGL
ENGL170,A1,1/4/2017,4/7/2017,Thursday,8:30,1:30,,,,LIB,5-184,ENGL
ENGL170,A1,1/4/2017,4/7/2017,Tuesday,8:30,1:30,,,,LIB,5-184,ENGL
ENGL170,A2,1/4/2017,4/7/2017,Thursday,8:30,1:30,,,,LIB,5-168,ENGL
ENGL170,A2,1/4/2017,4/7/2017,Tuesday,8:30,1:30,,,,LIB,5-168,ENGL
ENGL205,A1,1/4/2017,4/7/2017,,,,Thursday,10:00,1:30,LIB,5-178,Horne
ENGL205,A1,1/4/2017,4/7/2017,,,,Tuesday,10:00,1:30,LIB,5-178,Horne
ENGL212,A1,1/4/2017,4/7/2017,,,,Wednesday,10:00,1:30,LIB,5-171,ENGL
ENGL212,A1,1/4/2017,4/7/2017,,,,Monday,10:00,1:30,LIB,5-171,ENGL
ENGL285,A3,1/4/2017,4/7/2017,,,,Thursday,11:30,1:30,LIB,5-155,Romanets
ENGL285,A3,1/4/2017,4/7/2017,,,,Tuesday,11:30,1:30,LIB,5-155,Romanets
ENGL309,A1,1/4/2017,4/26/2017,,,,Tuesday,18:00,3:00,TAL,Oct-74,Beeler
ENGL381,A1,1/4/2017,4/7/2017,,,,Wednesday,14:30,1:30,LIB,5-157,ENGL
ENGL381,A1,1/4/2017,4/7/2017,,,,Monday,14:30,1:30,LIB,5-157,ENGL
ENGL384,A1,1/4/2017,4/7/2017,,,,Friday,14:30,3:00,TAL,Oct-88,ENGL
ENGL400,A1,1/4/2017,4/7/2017,,,,Thursday,10:00,1:30,LIB,5-121,Romanets
ENGL400,A1,1/4/2017,4/7/2017,,,,Tuesday,10:00,1:30,LIB,5-121,Romanets
ENGL409,A1,1/4/2017,4/7/2017,,,,Monday,18:00,3:00,LIB,5-174,Beeler
ENGL430,A1,1/4/2017,4/7/2017,,,,Friday,10:00,1:30,LIB,5-184,Budde
ENGL430,A1,1/4/2017,4/7/2017,,,,Wednesday,10:00,1:30,LIB,5-184,Budde
ENGL470,A1,1/4/2017,4/7/2017,,,,Monday,8:30,3:00,LAB8,8-161,Budde
ENGL483,A1,1/4/2017,4/7/2017,,,,Monday,11:30,3:00,LIB,5-121,Hutchings
ENGL485,A1,1/4/2017,4/7/2017,,,,Thursday,11:30,1:30,TAL,Oct-74,Horne
ENGL485,A1,1/4/2017,4/7/2017,,,,Tuesday,11:30,1:30,TAL,Oct-74,Horne
ENGL498,A1,1/4/2017,4/7/2017,,,,Tuesday,14:30,3:00,LIB,5-159,Beeler
ENGL600,A1,1/4/2017,4/7/2017,,,,Wednesday,16:00,1:30,LAB8,8-160,Romanets
ENGL600,A1,1/4/2017,4/7/2017,,,,Monday,16:00,1:30,LAB8,8-160,Romanets
ENGL609,A1,1/4/2017,4/7/2017,,,,Monday,18:00,3:00,LIB,5-174,Beeler
ENGL630,A1,1/4/2017,4/7/2017,,,,Friday,11:30,1:30,TAL,Oct-76,Budde
ENGL630,A1,1/4/2017,4/7/2017,,,,Wednesday,11:30,1:30,TAL,Oct-76,Budde
ENGL670,A1,1/4/2017,4/7/2017,,,,Tuesday,8:30,3:00,LAB8,8-161,Budde
ENGL683,A1,1/4/2017,4/7/2017,,,,Wednesday,8:30,3:00,TAL,Oct-76,Hutchings
ENGL685,A1,1/4/2017,4/7/2017,,,,Thursday,11:30,1:30,TAL,Oct-74,Horne
ENGL685,A1,1/4/2017,4/7/2017,,,,Tuesday,11:30,1:30,TAL,Oct-74,Horne
ENGL698,A1,1/4/2017,4/7/2017,,,,Tuesday,14:30,3:00,LIB,5-159,Beeler
ENGL700,A1,1/4/2017,4/7/2017,,,,Monday,11:30,3:00,TAL,Oct-44,Beeler
ENGR152,L1,1/4/2017,4/7/2017,Tuesday,14:30,3:00,,,,LAB8,8-127,Helle
ENGR152,L2,1/4/2017,4/7/2017,Thursday,14:30,3:00,,,,LAB8,8-127,EVEN
ENPL204,A1,1/4/2017,4/7/2017,,,,Friday,16:00,1:30,LAB8,8-129,ENPL
ENPL204,A1,1/4/2017,4/7/2017,,,,Wednesday,16:00,1:30,LAB8,8-129,ENPL
ENPL206,A1,1/4/2017,4/7/2017,,,,Thursday,18:00,3:00,TAL,Oct-22,ENPL
ENPL208,A1,1/4/2017,4/7/2017,,,,Thursday,14:30,1:30,LIB,5-158,ENPL
ENPL208,A1,1/4/2017,4/7/2017,,,,Tuesday,14:30,1:30,LIB,5-158,ENPL
ENPL305,A1,1/4/2017,4/7/2017,,,,Wednesday,10:00,1:30,LIB,5-140D,Fisher
ENPL305,A1,1/4/2017,4/7/2017,,,,Monday,10:00,1:30,LIB,5-140D,Fisher
ENPL313,A1,1/4/2017,4/7/2017,,,,Thursday,11:30,1:30,LAB8,8-127,Connell
ENPL313,A1,1/4/2017,4/7/2017,,,,Tuesday,11:30,1:30,LAB8,8-127,Connell
ENPL318,A1,1/4/2017,4/7/2017,,,,Wednesday,8:30,1:30,TAL,Oct-22,ENPL
ENPL318,A1,1/4/2017,4/7/2017,,,,Monday,8:30,1:30,TAL,Oct-22,ENPL
ENPL409,A1,1/4/2017,4/7/2017,,,,Tuesday,12:30,2:00,LIB,5-184,ENPL
ENPL410,A1,1/4/2017,4/7/2017,,,,Wednesday,8:30,3:00,LIB,5-158,Connell
ENPL605,A1,1/4/2017,4/7/2017,,,,Monday,8:30,3:00,TAL,Oct-76,Connell
ENPL609,A1,1/4/2017,4/7/2017,,,,Friday,14:30,2:00,LIB,5-168,ENPL
ENSC201,L2,1/4/2017,4/7/2017,,,,Tuesday,8:30,3:00,LAB8,8-129,ENSC
ENSC201,L3,1/4/2017,4/7/2017,,,,Thursday,8:30,3:00,LAB8,8-129,ENSC
ENSC201,L4,1/4/2017,4/7/2017,,,,Tuesday,14:30,3:00,LAB8,8-129,ENSC
ENSC201,A1,1/4/2017,4/7/2017,,,,Friday,15:30,1:30,LAB8,8-166,Jackson
ENSC201,A1,1/4/2017,4/7/2017,,,,Monday,15:30,1:30,LAB8,8-166,Jackson
ENSC201,L1,1/4/2017,4/7/2017,,,,Thursday,11:30,3:00,LAB8,8-129,Jackson
ENSC325,A1,1/4/2017,4/7/2017,,,,Friday,12:30,1:00,TAL,Oct-72,Rutherford
ENSC325,A1,1/4/2017,4/7/2017,,,,Wednesday,12:30,1:00,TAL,Oct-72,Rutherford
ENSC325,A1,1/4/2017,4/7/2017,,,,Monday,12:30,1:00,TAL,Oct-72,Rutherford
ENSC350,A1,1/4/2017,4/7/2017,,,,Thursday,10:00,1:30,LIB,5-177,Sui
ENSC350,A1,1/4/2017,4/7/2017,,,,Tuesday,10:00,1:30,LIB,5-177,Sui
ENSC404,A1,1/4/2017,4/7/2017,,,,Friday,11:30,1:00,LIB,5-405,Rutherford
ENSC404,A1,1/4/2017,4/7/2017,,,,Wednesday,11:30,1:00,LIB,5-405,Rutherford
ENSC404,A1,1/4/2017,4/7/2017,,,,Monday,11:30,1:00,LIB,5-405,Rutherford
ENSC412,C1,1/4/2017,4/7/2017,,,,Thursday,12:30,1:00,LAB8,8-160,Jackson
ENSC412,C1,1/4/2017,4/7/2017,,,,Tuesday,12:30,1:00,LAB8,8-160,Jackson
ENSC412,C1,1/4/2017,4/7/2017,,,,Thursday,14:30,3:00,LAB8,8-129,
ENSC454,A1,1/4/2017,4/7/2017,,,,Wednesday,14:30,1:30,LIB,5-158,Dery
ENSC454,A1,1/4/2017,4/7/2017,,,,Monday,14:30,1:30,LIB,5-158,Dery
ENSC604,A1,1/4/2017,4/7/2017,,,,Friday,11:30,1:00,LIB,5-405,Rutherford
ENSC604,A1,1/4/2017,4/7/2017,,,,Wednesday,11:30,1:00,LIB,5-405,Rutherford
ENSC604,A1,1/4/2017,4/7/2017,,,,Monday,11:30,1:00,LIB,5-405,Rutherford
ENSC612,C1,1/4/2017,4/7/2017,,,,Thursday,12:30,1:00,LAB8,8-160,Jackson
ENSC612,C1,1/4/2017,4/7/2017,,,,Tuesday,12:30,1:00,LAB8,8-160,Jackson
ENSC612,C1,1/4/2017,4/7/2017,,,,Thursday,14:30,3:00,LAB8,8-129,
ENSC654,A1,1/4/2017,4/7/2017,,,,Wednesday,14:30,1:30,LIB,5-158,Dery
ENSC654,A1,1/4/2017,4/7/2017,,,,Monday,14:30,1:30,LIB,5-158,Dery
ENVS225,A1,1/4/2017,4/7/2017,,,,Thursday,10:00,1:30,LIB,5-168,Fredeen
ENVS225,A1,1/4/2017,4/7/2017,,,,Tuesday,10:00,1:30,LIB,5-168,Fredeen
ENVS225,A1,1/4/2017,4/7/2017,,,,Thursday,10:00,1:30,LIB,5-168,Wilkening
ENVS225,A1,1/4/2017,4/7/2017,,,,Tuesday,10:00,1:30,LIB,5-168,Wilkening
ENVS306,A1,1/4/2017,4/7/2017,,,,Friday,10:00,1:30,LIB,5-122,Green
ENVS306,A1,1/4/2017,4/7/2017,,,,Wednesday,10:00,1:30,LIB,5-122,Green
ENVS309,A1,1/4/2017,4/7/2017,,,,Thursday,14:30,1:30,TAL,Oct-20,Meletis
ENVS309,A1,1/4/2017,4/7/2017,,,,Tuesday,14:30,1:30,TAL,Oct-20,Meletis
ENVS325,A1,1/4/2017,4/7/2017,,,,Thursday,10:00,1:30,LAB8,8-160,
ENVS325,A1,1/4/2017,4/7/2017,,,,Tuesday,10:00,1:30,LAB8,8-160,
ENVS326,A1,1/4/2017,4/7/2017,,,,Wednesday,13:00,1:30,LIB,5-184,Booth
ENVS326,A1,1/4/2017,4/7/2017,,,,Monday,13:00,1:30,LIB,5-184,Booth
ENVS414,A1,1/4/2017,4/7/2017,,,,Friday,8:30,1:30,LIB,5-140D,Booth
ENVS414,A1,1/4/2017,4/7/2017,,,,Wednesday,8:30,1:30,LIB,5-140D,Booth
ENVS602,A1,1/4/2017,4/7/2017,,,,Friday,8:30,1:30,LIB,5-140D,Booth
ENVS602,A1,1/4/2017,4/7/2017,,,,Wednesday,8:30,1:30,LIB,5-140D,Booth
FNST100,A1,1/4/2017,4/7/2017,,,,Monday,8:30,3:00,LIB,5-184,Thompson
FNST100,T1,1/4/2017,4/7/2017,,,,Tuesday,8:30,1:00,LIB,5-121,Thompson
FNST100,T2,1/4/2017,4/7/2017,,,,Monday,13:30,1:00,LIB,5-122,Thompson
FNST131,A1,1/4/2017,4/7/2017,,,,Monday,8:30,3:00,TAL,Oct-44,Nielson
FNST217,A1,1/4/2017,4/7/2017,,,,Tuesday,8:30,3:00,TAL,Oct-44,Pawlowska-Mainville
FNST302,A1,1/4/2017,4/7/2017,,,,Monday,11:30,3:00,TAL,Oct-74,Hoffman
FNST303,A1,1/4/2017,4/7/2017,,,,Monday,8:30,3:00,TAL,Oct-60,Henderson
FNST305,A1,1/4/2017,4/7/2017,,,,Tuesday,8:30,3:00,TAL,Oct-74,FNST
FNST350,A1,1/4/2017,4/7/2017,,,,Tuesday,11:30,3:00,LIB,5-168,Loukacheva
FNST413,A1,1/4/2017,4/7/2017,,,,Thursday,11:30,3:00,LAB8,8-161,FNST
FNST451,A1,1/4/2017,4/7/2017,,,,Monday,14:30,3:00,TAL,Oct-74,Pawlowska-Mainville
FNST602,A1,1/13/2017,1/14/2017,Saturday,10:00,5:00,,,,LIB,5-121,Thompson
FNST602,A1,1/13/2017,1/14/2017,Friday,16:30,4:30,,,,LIB,5-121,Thompson
FNST602,A1,2/10/2017,2/11/2017,Saturday,10:00,5:00,,,,LIB,5-121,Thompson
FNST602,A1,2/10/2017,2/11/2017,Friday,16:30,4:30,,,,LIB,5-121,Thompson
FNST602,A1,3/10/2017,3/11/2017,Saturday,10:00,5:00,,,,LIB,5-121,Thompson
FNST602,A1,3/10/2017,3/11/2017,Friday,16:30,4:30,,,,LIB,5-121,Thompson
FNST602,A1,4/7/2017,4/8/2017,Saturday,10:00,5:00,,,,LIB,5-121,Thompson
FNST602,A1,4/7/2017,4/8/2017,Friday,16:30,4:30,,,,LIB,5-121,Thompson
FNST650,A1,1/14/2017,1/15/2017,Sunday,10:00,5:00,,,,LIB,5-121,Hoffman
FNST650,A1,1/14/2017,1/15/2017,Saturday,16:30,4:30,,,,LIB,5-121,Hoffman
FNST650,A1,2/11/2017,2/12/2017,Sunday,10:00,5:00,,,,LIB,5-121,Hoffman
FNST650,A1,2/11/2017,2/12/2017,Saturday,16:30,4:30,,,,LIB,5-121,Hoffman
FNST650,A1,3/11/2017,3/12/2017,Sunday,10:00,5:00,,,,LIB,5-121,Hoffman
FNST650,A1,3/11/2017,3/12/2017,Saturday,16:30,4:30,,,,LIB,5-121,Hoffman
FNST650,A1,4/8/2017,4/9/2017,Sunday,10:00,5:00,,,,LIB,5-121,Hoffman
FNST650,A1,4/8/2017,4/9/2017,Saturday,16:30,4:30,,,,LIB,5-121,Hoffman
FSTY209,C1,1/4/2017,4/7/2017,,,,Wednesday,13:00,1:30,LIB,5-158,Green
FSTY209,C1,1/4/2017,4/7/2017,,,,Monday,13:00,1:30,LIB,5-158,Green
FSTY209,C1,1/4/2017,4/7/2017,,,,Wednesday,13:00,1:30,LIB,5-158,Massicotte
FSTY209,C1,1/4/2017,4/7/2017,,,,Monday,13:00,1:30,LIB,5-158,Massicotte
FSTY209,C1,1/4/2017,4/7/2017,,,,Tuesday,8:00,3:00,LAB8,8-325,Green
FSTY209,C1,1/4/2017,4/7/2017,,,,Tuesday,8:00,3:00,LAB8,8-325,Massicotte
FSTY310,A1,1/4/2017,4/7/2017,,,,Thursday,14:30,1:30,TAL,Oct-34,Venter
FSTY310,A1,1/4/2017,4/7/2017,,,,Tuesday,14:30,1:30,TAL,Oct-34,Venter
FSTY310,A1,1/4/2017,4/7/2017,,,,Thursday,14:30,1:30,TAL,Oct-34,Fredj
FSTY310,A1,1/4/2017,4/7/2017,,,,Tuesday,14:30,1:30,TAL,Oct-34,Fredj
GEOG200,A1,1/4/2017,4/7/2017,,,,Wednesday,10:00,1:30,LAB8,8-166,GEOG
GEOG200,A1,1/4/2017,4/7/2017,,,,Monday,10:00,1:30,LAB8,8-166,GEOG
GEOG202,A1,1/4/2017,4/7/2017,,,,Wednesday,13:00,1:30,LIB,5-176,GEOG
GEOG202,A1,1/4/2017,4/7/2017,,,,Monday,13:00,1:30,LIB,5-176,GEOG
GEOG203,A1,1/4/2017,4/7/2017,,,,Wednesday,14:30,1:30,AGO,7-150,Meletis
GEOG203,A1,1/4/2017,4/7/2017,,,,Monday,14:30,1:30,AGO,7-150,Meletis
GEOG205,L4,1/4/2017,4/7/2017,,,,Wednesday,14:30,3:00,LAB8,8-125,Bai
GEOG205,A1,1/4/2017,4/7/2017,,,,Thursday,16:30,1:00,AGO,7-212,Wheate
GEOG205,A1,1/4/2017,4/7/2017,,,,Tuesday,16:30,1:00,AGO,7-212,Wheate
GEOG205,L1,1/4/2017,4/7/2017,,,,Tuesday,11:30,3:00,LAB8,8-125,Bai
GEOG205,L2,1/4/2017,4/7/2017,,,,Friday,11:30,3:00,LAB8,8-125,Bai
GEOG205,L3,1/4/2017,4/7/2017,,,,Thursday,11:30,3:00,LAB8,8-125,Bai
GEOG222,A1,1/4/2017,4/7/2017,,,,Thursday,14:30,1:30,TAL,Oct-72,Fondahl
GEOG222,A1,1/4/2017,4/7/2017,,,,Tuesday,14:30,1:30,TAL,Oct-72,Fondahl
GEOG306,A1,1/4/2017,4/7/2017,,,,Thursday,14:30,1:30,LIB,5-168,Nolin
GEOG306,A1,1/4/2017,4/7/2017,,,,Tuesday,14:30,1:30,LIB,5-168,Nolin
GEOG307,A1,1/4/2017,4/7/2017,,,,Wednesday,8:30,1:30,LIB,5-154,Fondahl
GEOG307,A1,1/4/2017,4/7/2017,,,,Monday,8:30,1:30,LIB,5-154,Fondahl
GEOG308,A1,1/4/2017,4/7/2017,,,,Friday,10:00,1:30,LIB,5-155,Hanlon
GEOG308,A1,1/4/2017,4/7/2017,,,,Wednesday,10:00,1:30,LIB,5-155,Hanlon
GEOG310,A1,1/4/2017,4/7/2017,,,,Friday,16:30,1:00,LIB,5-174,Dery
GEOG310,A1,1/4/2017,4/7/2017,,,,Wednesday,16:30,1:00,LIB,5-174,Dery
GEOG310,L1,1/4/2017,4/7/2017,,,,Monday,8:00,3:00,LAB8,8-129,Dery
GEOG311,L1,1/4/2017,4/7/2017,,,,Monday,11:30,3:00,LAB8,8-129,GEOG
GEOG311,L1,1/4/2017,4/7/2017,,,,Monday,11:30,3:00,LAB8,8-129,Owens
GEOG311,A1,1/4/2017,4/7/2017,,,,Thursday,12:30,1:00,LIB,5-140D,GEOG
GEOG311,A1,1/4/2017,4/7/2017,,,,Tuesday,12:30,1:00,LIB,5-140D,GEOG
GEOG311,A1,1/4/2017,4/7/2017,,,,Thursday,12:30,1:00,LIB,5-140D,Owens
GEOG311,A1,1/4/2017,4/7/2017,,,,Tuesday,12:30,1:00,LIB,5-140D,Owens
GEOG320,L1,1/4/2017,4/7/2017,,,,Tuesday,8:00,3:00,TAL,Oct-54,GEOG
GEOG320,A1,1/4/2017,4/7/2017,,,,Friday,16:30,1:00,LAB8,8-161,GEOG
GEOG320,A1,1/4/2017,4/7/2017,,,,Wednesday,16:30,1:00,LAB8,8-161,GEOG
GEOG401,A1,1/4/2017,4/7/2017,,,,Thursday,10:00,1:30,TAL,Oct-72,GEOG
GEOG401,A1,1/4/2017,4/7/2017,,,,Tuesday,10:00,1:30,TAL,Oct-72,GEOG
GEOG413,L1,1/4/2017,4/7/2017,,,,Thursday,14:30,2:00,LAB8,8-125,Wheate
GEOG413,L1,1/4/2017,4/7/2017,,,,Tuesday,14:30,2:00,LAB8,8-125,Wheate
GEOG413,C1,1/4/2017,4/7/2017,,,,Monday,9:30,1:00,LIB,5-122,Wheate
GEOG413,C1,1/4/2017,4/7/2017,,,,Wednesday,12:30,2:00,LAB8,8-125,
GEOG413,C1,1/4/2017,4/7/2017,,,,Monday,12:30,2:00,LAB8,8-125,
GEOG424,A1,1/4/2017,4/7/2017,,,,Thursday,8:30,1:30,TAL,Oct-20,Halseth
GEOG424,A1,1/4/2017,4/7/2017,,,,Tuesday,8:30,1:30,TAL,Oct-20,Halseth
GEOG601,A1,1/4/2017,4/7/2017,,,,Thursday,10:00,1:30,TAL,Oct-72,GEOG
GEOG601,A1,1/4/2017,4/7/2017,,,,Tuesday,10:00,1:30,TAL,Oct-72,GEOG
GEOG613,L1,1/4/2017,4/7/2017,,,,Thursday,14:30,2:00,LAB8,8-125,Wheate
GEOG613,L1,1/4/2017,4/7/2017,,,,Tuesday,14:30,2:00,LAB8,8-125,Wheate
GEOG613,C1,1/4/2017,4/7/2017,,,,Monday,8:30,1:00,TAL,Oct-74,Wheate
GEOG624,A1,1/4/2017,4/7/2017,,,,Thursday,8:30,1:30,TAL,Oct-20,Halseth
GEOG624,A1,1/4/2017,4/7/2017,,,,Tuesday,8:30,1:30,TAL,Oct-20,Halseth
HHSC102,A1,1/4/2017,4/7/2017,,,,Wednesday,16:30,1:30,TAL,Oct-34,Shubair
HHSC102,A1,1/4/2017,4/7/2017,,,,Monday,16:30,1:30,TAL,Oct-34,Shubair
HHSC103,A1,1/4/2017,4/7/2017,Thursday,16:00,1:30,,,,LAB8,8-164,HHSC
HHSC103,A1,1/4/2017,4/7/2017,Tuesday,16:00,1:30,,,,LAB8,8-164,HHSC
HHSC105,A1,1/4/2017,4/7/2017,,,,Wednesday,11:30,1:30,LAB8,8-166,Pelletier
HHSC105,A1,1/4/2017,4/7/2017,,,,Monday,11:30,1:30,LAB8,8-166,Pelletier
HHSC105,L1,1/4/2017,4/7/2017,,,,Thursday,14:30,1:30,LAB8,8-226,Sommerfeld
HHSC105,L2,1/4/2017,4/7/2017,,,,Tuesday,13:00,1:30,LAB8,8-226,Sommerfeld
HHSC105,L3,1/4/2017,4/7/2017,,,,Monday,14:30,1:30,LAB8,8-226,Sommerfeld
HHSC105,L4,1/4/2017,4/7/2017,,,,Thursday,13:00,1:30,LAB8,8-226,Sommerfeld
HHSC201,A1,1/4/2017,4/7/2017,,,,Thursday,18:30,3:00,AGO,7-150,HHSC
HHSC306,A1,1/4/2017,4/7/2017,,,,Friday,16:00,1:30,LAB8,8-164,HHSC
HHSC306,A1,1/4/2017,4/7/2017,,,,Wednesday,16:00,1:30,LAB8,8-164,HHSC
HHSC326,L2,1/4/2017,4/7/2017,,,,Friday,8:00,3:00,LAB8,8-226,Sommerfeld
HHSC326,L1,1/4/2017,4/7/2017,,,,Thursday,8:00,3:00,LAB8,8-226,Sommerfeld
HHSC326,L3,1/4/2017,4/7/2017,,,,Wednesday,8:00,3:00,LAB8,8-226,Sommerfeld
HHSC326,L4,1/4/2017,4/7/2017,,,,Tuesday,15:00,3:00,LAB8,8-226,Sommerfeld
HHSC351,A1,1/4/2017,4/7/2017,,,,Wednesday,13:00,1:30,AGO,7-212,HHSC
HHSC351,A1,1/4/2017,4/7/2017,,,,Monday,13:00,1:30,AGO,7-212,HHSC
HHSC421,A1,1/4/2017,4/7/2017,,,,Friday,10:00,1:30,LIB,5-155,Hanlon
HHSC421,A1,1/4/2017,4/7/2017,,,,Wednesday,10:00,1:30,LIB,5-155,Hanlon
HHSC471,A1,1/4/2017,4/7/2017,,,,Friday,14:30,1:30,LIB,5-178,Pelletier
HHSC471,A1,1/4/2017,4/7/2017,,,,Wednesday,14:30,1:30,LIB,5-178,Pelletier
HHSC700,A1,1/4/2017,4/7/2017,Wednesday,9:00,3:00,,,,LIB,5-121,Wagner
HHSC801,A1,1/4/2017,4/7/2017,,,,Monday,11:30,3:00,LAB8,8-160,Harder
HIST191,A1,1/4/2017,4/7/2017,Wednesday,12:30,1:00,,,,AGO,7-150,Bryce
HIST191,A1,1/4/2017,4/7/2017,Monday,12:30,1:00,,,,AGO,7-150,Bryce
HIST191,T1,1/4/2017,4/7/2017,Thursday,13:30,1:00,,,,TAL,Oct-60,Bryce
HIST191,T2,1/4/2017,4/7/2017,Monday,14:30,1:00,,,,TAL,Oct-60,Bryce
HIST191,T3,1/4/2017,4/7/2017,Tuesday,11:30,1:00,,,,TAL,Oct-60,Bryce
HIST191,T4,1/4/2017,4/7/2017,Wednesday,10:30,1:00,,,,TAL,Oct-60,Bryce
HIST211,A1,1/4/2017,4/26/2017,,,,Tuesday,8:30,3:00,LIB,5-155,Swainger
HIST232,A1,1/4/2017,4/26/2017,,,,Wednesday,16:00,1:30,LIB,5-172,HIST
HIST232,A1,1/4/2017,4/26/2017,,,,Monday,16:00,1:30,LIB,5-172,HIST
HIST302,A1,1/4/2017,4/26/2017,,,,Wednesday,16:00,1:30,LIB,5-175,HIST
HIST302,A1,1/4/2017,4/26/2017,,,,Monday,16:00,1:30,LIB,5-175,HIST
HIST456,A1,1/4/2017,4/26/2017,,,,Monday,8:30,3:00,LIB,5-121,Binnema
HIST500,A1,1/4/2017,4/7/2017,,,,Thursday,8:30,3:00,LAB8,8-161,Swainger
HIST700,A1,1/4/2017,4/7/2017,,,,Thursday,8:30,3:00,LAB8,8-161,Swainger
HIST702,A1,1/4/2017,4/26/2017,,,,Monday,8:30,3:00,LIB,5-121,Binnema
IASK102,A1,1/4/2017,4/7/2017,,,,Thursday,10:00,1:30,AGO,7-152,
IASK102,A1,1/4/2017,4/7/2017,,,,Tuesday,10:00,1:30,AGO,7-152,
IASK102,T1,1/4/2017,4/7/2017,,,,Tuesday,16:30,1:00,LIB,5-158,
IASK102,T2,1/4/2017,4/7/2017,,,,Friday,16:30,1:00,LIB,5-159,
IASK102,T3,1/4/2017,4/7/2017,,,,Friday,15:30,1:00,LIB,5-159,
IASK102,T4,1/4/2017,4/7/2017,,,,Thursday,14:30,1:00,LIB,5-159,
IASK104,A1,1/4/2017,4/7/2017,Wednesday,11:30,1:30,,,,LIB,5-157,IASK
IASK104,A1,1/4/2017,4/7/2017,Monday,11:30,1:30,,,,LIB,5-157,IASK
IASK104,A1,1/4/2017,4/7/2017,Wednesday,11:30,1:30,,,,LIB,5-157,IASK
IASK104,A1,1/4/2017,4/7/2017,Monday,11:30,1:30,,,,LIB,5-157,IASK
IASK104,A1,1/4/2017,4/7/2017,Wednesday,11:30,1:30,,,,LIB,5-157,IASK
IASK104,A1,1/4/2017,4/7/2017,Monday,11:30,1:30,,,,LIB,5-157,IASK
IASK104,T1,1/4/2017,4/7/2017,,,,Monday,16:30,1:00,LAB8,8-161,
IASK104,T2,1/4/2017,4/7/2017,,,,Monday,14:30,1:00,LAB8,8-161,
IASK105,A1,1/4/2017,4/7/2017,Wednesday,16:00,1:30,,,,TAL,Oct-72,
IASK105,A1,1/4/2017,4/7/2017,Monday,16:00,1:30,,,,TAL,Oct-72,
IASK105,T1,1/4/2017,4/7/2017,,,,Tuesday,16:30,1:00,LAB8,8-160,
IASK105,T2,1/4/2017,4/7/2017,,,,Tuesday,16:30,1:00,LAB8,8-161,
IASK105,T3,1/4/2017,4/7/2017,,,,Thursday,13:30,1:00,LIB,5-159,
IASK105,T4,1/4/2017,4/7/2017,,,,Thursday,10:30,1:00,LIB,5-159,
IASK106,A1,1/4/2017,4/7/2017,Wednesday,16:00,1:30,,,,LAB8,8-127,IASK
IASK106,A1,1/4/2017,4/7/2017,Monday,16:00,1:30,,,,LAB8,8-127,IASK
IASK106,A1,1/4/2017,4/7/2017,Wednesday,16:00,1:30,,,,LAB8,8-127,IASK
IASK106,A1,1/4/2017,4/7/2017,Monday,16:00,1:30,,,,LAB8,8-127,IASK
IASK106,A1,1/4/2017,4/7/2017,Wednesday,16:00,1:30,,,,LAB8,8-127,IASK
IASK106,A1,1/4/2017,4/7/2017,Monday,16:00,1:30,,,,LAB8,8-127,IASK
IASK107,A1,1/4/2017,4/7/2017,Wednesday,13:00,1:30,,,,LIB,5-157,IASK
IASK107,A1,1/4/2017,4/7/2017,Monday,13:00,1:30,,,,LIB,5-157,IASK
IASK107,A1,1/4/2017,4/7/2017,Wednesday,13:00,1:30,,,,LIB,5-157,IASK
IASK107,A1,1/4/2017,4/7/2017,Monday,13:00,1:30,,,,LIB,5-157,IASK
IASK107,A1,1/4/2017,4/7/2017,Wednesday,13:00,1:30,,,,LIB,5-157,IASK
IASK107,A1,1/4/2017,4/7/2017,Monday,13:00,1:30,,,,LIB,5-157,IASK
IASK107,T1,1/4/2017,4/7/2017,,,,Tuesday,13:30,1:00,LAB8,8-160,
IASK107,T2,1/4/2017,4/7/2017,,,,Tuesday,11:30,1:00,LAB8,8-160,
INTS122,A1,1/4/2017,4/7/2017,Thursday,11:30,1:30,,,,LIB,5-159,Hagiwara
INTS122,A1,1/4/2017,4/7/2017,Tuesday,11:30,1:30,,,,LIB,5-159,Hagiwara
INTS122,L1,1/4/2017,4/7/2017,Friday,10:00,1:30,,,,LIB,5-158,Hagiwara
INTS122,L2,1/4/2017,4/7/2017,Friday,11:30,1:30,,,,LIB,5-158,Hagiwara
INTS172,A1,1/4/2017,4/7/2017,Tuesday,18:00,3:00,,,,LIB,5-168,Cudennec
INTS172,L1,1/4/2017,4/7/2017,Wednesday,18:00,3:00,,,,LIB,5-159,Cudennec
INTS172,L2,1/4/2017,4/7/2017,Thursday,18:00,3:00,,,,LIB,5-159,Cudennec
INTS182,A1,1/4/2017,4/7/2017,Wednesday,11:30,1:30,,,,LIB,5-159,Bleaney
INTS182,A1,1/4/2017,4/7/2017,Monday,11:30,1:30,,,,LIB,5-159,Bleaney
INTS182,L1,1/4/2017,4/7/2017,Friday,10:00,1:30,,,,LIB,5-159,Bleaney
INTS182,L2,1/4/2017,4/7/2017,Friday,13:00,1:30,,,,LIB,5-159,Bleaney
INTS210,A1,1/4/2017,4/7/2017,,,,Wednesday,16:00,1:30,LIB,5-168,Lacharite
INTS210,A1,1/4/2017,4/7/2017,,,,Monday,16:00,1:30,LIB,5-168,Lacharite
INTS222,A1,1/4/2017,4/7/2017,Wednesday,13:00,1:30,,,,LIB,5-159,Hagiwara
INTS222,A1,1/4/2017,4/7/2017,Monday,13:00,1:30,,,,LIB,5-159,Hagiwara
INTS222,L1,1/4/2017,4/7/2017,Thursday,13:00,1:30,,,,LIB,5-168,Hagiwara
INTS225,A1,1/4/2017,4/7/2017,,,,Thursday,10:00,1:30,LIB,5-168,Fredeen
INTS225,A1,1/4/2017,4/7/2017,,,,Tuesday,10:00,1:30,LIB,5-168,Fredeen
INTS225,A1,1/4/2017,4/7/2017,,,,Thursday,10:00,1:30,LIB,5-168,Wilkening
INTS225,A1,1/4/2017,4/7/2017,,,,Tuesday,10:00,1:30,LIB,5-168,Wilkening
INTS272,A1,1/4/2017,4/7/2017,Monday,18:00,3:00,,,,LIB,5-159,Cudennec
INTS272,L1,1/4/2017,4/7/2017,Wednesday,18:00,3:00,,,,LIB,5-171,Cudennec
INTS282,A1,1/4/2017,4/7/2017,Wednesday,10:00,1:30,,,,LIB,5-159,Bleaney
INTS282,A1,1/4/2017,4/7/2017,Monday,10:00,1:30,,,,LIB,5-159,Bleaney
INTS282,L1,1/4/2017,4/7/2017,Friday,11:30,1:30,,,,LIB,5-159,Bleaney
INTS322,C1,1/4/2017,4/7/2017,Wednesday,16:00,1:30,,,,LIB,5-158,Hagiwara
INTS322,C1,1/4/2017,4/7/2017,Monday,16:00,1:30,,,,LIB,5-158,Hagiwara
INTS322,C1,1/4/2017,4/7/2017,Friday,14:30,1:30,,,,LIB,5-172,Hagiwara
INTS402,A1,1/4/2017,4/26/2017,,,,Friday,11:30,1:30,LAB8,8-161,Lacharite
INTS402,A1,1/4/2017,4/26/2017,,,,Wednesday,11:30,1:30,LAB8,8-161,Lacharite
INTS490,A1,1/4/2017,4/7/2017,,,,Monday,11:30,3:00,LIB,5-168,Wilkening
INTS650,A1,1/4/2017,4/26/2017,,,,Wednesday,14:30,1:30,LIB,5-168,Lacharite
INTS650,A1,1/4/2017,4/26/2017,,,,Monday,14:30,1:30,LIB,5-168,Lacharite
MATH100,A1,1/4/2017,4/7/2017,,,,Friday,9:30,1:00,AGO,7-158,Keen
MATH100,A1,1/4/2017,4/7/2017,,,,Wednesday,9:30,1:00,AGO,7-158,Keen
MATH100,A1,1/4/2017,4/7/2017,,,,Monday,9:30,1:00,AGO,7-158,Keen
MATH100,L1,1/4/2017,4/7/2017,,,,Monday,10:00,1:30,TAL,Oct-34,MATH
MATH100,L2,1/4/2017,4/7/2017,,,,Monday,8:30,1:30,TAL,Oct-34,MATH
MATH100,L3,1/4/2017,4/7/2017,Thursday,16:00,1:30,,,,TAL,Oct-34,MATH
MATH101,A1,1/4/2017,4/7/2017,Friday,10:00,1:00,,,,AGO,7-238,Bluskov
MATH101,A1,1/4/2017,4/7/2017,Wednesday,10:00,1:00,,,,AGO,7-238,Bluskov
MATH101,A1,1/4/2017,4/7/2017,Monday,10:00,1:00,,,,AGO,7-238,Bluskov
MATH101,L1,1/4/2017,4/7/2017,Thursday,14:30,1:00,,,,TAL,Oct-34,MATH
MATH101,L2,1/4/2017,4/7/2017,Thursday,10:00,1:00,,,,TAL,Oct-34,MATH
MATH101,L3,1/4/2017,4/7/2017,Tuesday,11:30,1:00,,,,TAL,Oct-34,MATH
MATH101,L4,1/4/2017,4/7/2017,Tuesday,16:00,1:00,,,,TAL,Oct-34,MATH
MATH101,L6,1/4/2017,4/7/2017,Tuesday,11:30,1:30,,,,LIB,5-154,MATH
MATH101,L5,1/4/2017,4/7/2017,Thursday,16:00,1:00,,,,LIB,5-154,MATH
MATH115,A1,1/4/2017,4/7/2017,Friday,11:30,1:00,,,,AGO,7-158,Dobrowolski
MATH115,A1,1/4/2017,4/7/2017,Wednesday,11:30,1:00,,,,AGO,7-158,Dobrowolski
MATH115,A1,1/4/2017,4/7/2017,Monday,11:30,1:00,,,,AGO,7-158,Dobrowolski
MATH115,A1,1/4/2017,4/7/2017,Friday,11:30,1:00,,,,AGO,7-150,Dobrowolski
MATH115,A1,1/4/2017,4/7/2017,Wednesday,11:30,1:00,,,,AGO,7-150,Dobrowolski
MATH115,A1,1/4/2017,4/7/2017,Monday,11:30,1:00,,,,AGO,7-150,Dobrowolski
MATH150,A1,1/4/2017,4/7/2017,Friday,12:30,1:00,,,,AGO,7-238,MATH
MATH150,A1,1/4/2017,4/7/2017,Wednesday,12:30,1:00,,,,AGO,7-238,MATH
MATH150,A1,1/4/2017,4/7/2017,Monday,12:30,1:00,,,,AGO,7-238,MATH
MATH152,A1,1/4/2017,4/7/2017,,,,Friday,8:30,1:00,AGO,7-158,Kumar
MATH152,A1,1/4/2017,4/7/2017,,,,Wednesday,8:30,1:00,AGO,7-158,Kumar
MATH152,A1,1/4/2017,4/7/2017,,,,Monday,8:30,1:00,AGO,7-158,Kumar
MATH152,A1,1/4/2017,4/7/2017,,,,Friday,8:30,1:00,AGO,7-212,Kumar
MATH152,A1,1/4/2017,4/7/2017,,,,Wednesday,8:30,1:00,AGO,7-212,Kumar
MATH152,A1,1/4/2017,4/7/2017,,,,Monday,8:30,1:00,AGO,7-212,Kumar
MATH190,C1,1/4/2017,4/7/2017,,,,Friday,16:30,1:30,TAL,Oct-20,Fayowski
MATH190,C1,1/4/2017,4/7/2017,,,,Monday,16:30,1:30,TAL,Oct-20,Fayowski
MATH190,C1,1/4/2017,4/7/2017,,,,Tuesday,16:30,1:00,TAL,Oct-88,Fayowski
MATH201,A1,1/4/2017,4/7/2017,,,,Friday,9:30,1:00,TAL,Oct-88,Walters
MATH201,A1,1/4/2017,4/7/2017,,,,Wednesday,9:30,1:00,TAL,Oct-88,Walters
MATH201,A1,1/4/2017,4/7/2017,,,,Monday,9:30,1:00,TAL,Oct-88,Walters
MATH220,A1,1/4/2017,4/7/2017,,,,Friday,14:30,1:00,AGO,7-238,Bluskov
MATH220,A1,1/4/2017,4/7/2017,,,,Wednesday,14:30,1:00,AGO,7-238,Bluskov
MATH220,A1,1/4/2017,4/7/2017,,,,Monday,14:30,1:00,AGO,7-238,Bluskov
MATH224,A1,1/4/2017,4/7/2017,,,,Friday,8:30,1:00,LIB,5-122,Walters
MATH224,A1,1/4/2017,4/7/2017,,,,Wednesday,8:30,1:00,LIB,5-122,Walters
MATH224,A1,1/4/2017,4/7/2017,,,,Monday,8:30,1:00,LIB,5-122,Walters
MATH230,A1,1/4/2017,4/7/2017,,,,Friday,12:30,1:00,LIB,5-178,Dobrowolski
MATH230,A1,1/4/2017,4/7/2017,,,,Wednesday,12:30,1:00,LIB,5-178,Dobrowolski
MATH230,A1,1/4/2017,4/7/2017,,,,Monday,12:30,1:00,LIB,5-178,Dobrowolski
MATH335,A1,1/4/2017,4/7/2017,Wednesday,17:30,1:30,,,,LIB,5-121,Wang
MATH335,A1,1/4/2017,4/7/2017,Monday,17:30,1:30,,,,LIB,5-121,Wang
MATH402,A1,1/4/2017,4/7/2017,,,,Wednesday,16:00,1:30,LIB,5-122,Dobrowolski
MATH402,A1,1/4/2017,4/7/2017,,,,Monday,16:00,1:30,LIB,5-122,Dobrowolski
MATH409,A1,1/4/2017,4/26/2017,,,,Friday,14:30,1:00,LIB,5-159,Shegelski
MATH409,A1,1/4/2017,4/26/2017,,,,Wednesday,14:30,1:00,LIB,5-159,Shegelski
MATH409,A1,1/4/2017,4/26/2017,,,,Monday,14:30,1:00,LIB,5-159,Shegelski
MATH421,A1,1/4/2017,4/26/2017,,,,Friday,10:30,1:00,TAL,Oct-88,Hyndman
MATH421,A1,1/4/2017,4/26/2017,,,,Wednesday,10:30,1:00,TAL,Oct-88,Hyndman
MATH421,A1,1/4/2017,4/26/2017,,,,Monday,10:30,1:00,TAL,Oct-88,Hyndman
MATH602,A1,1/4/2017,4/7/2017,,,,Wednesday,16:00,1:30,LIB,5-122,Dobrowolski
MATH602,A1,1/4/2017,4/7/2017,,,,Monday,16:00,1:30,LIB,5-122,Dobrowolski
MATH621,A1,1/4/2017,4/7/2017,,,,Friday,10:30,1:00,TAL,Oct-88,Hyndman
MATH621,A1,1/4/2017,4/7/2017,,,,Wednesday,10:30,1:00,TAL,Oct-88,Hyndman
MATH621,A1,1/4/2017,4/7/2017,,,,Monday,10:30,1:00,TAL,Oct-88,Hyndman
MCPM704,A1,1/4/2017,4/7/2017,,,,Thursday,11:30,1:30,TAL,Oct-34,Gorrell
NREM101,A1,1/4/2017,4/7/2017,,,,Wednesday,14:30,1:30,AGO,7-152,Green
NREM101,A1,1/4/2017,4/7/2017,,,,Monday,14:30,1:30,AGO,7-152,Green
NREM210,C1,1/4/2017,4/7/2017,,,,Wednesday,13:00,1:30,LIB,5-171,FSTY
NREM210,C1,1/4/2017,4/7/2017,,,,Monday,13:00,1:30,LIB,5-171,FSTY
NREM210,C1,1/4/2017,4/7/2017,,,,Monday,15:00,3:00,LAB8,8-125,FSTY
NREM306,A1,1/4/2017,4/7/2017,,,,Thursday,11:30,1:30,TAL,Oct-72,McGill
NREM306,A1,1/4/2017,4/7/2017,,,,Tuesday,11:30,1:30,TAL,Oct-72,McGill
NREM400,C1,1/4/2017,4/7/2017,,,,Thursday,16:00,1:30,LIB,5-168,Johnson
NREM400,C1,1/4/2017,4/7/2017,,,,Tuesday,16:00,1:30,LIB,5-168,Johnson
NREM400,C1,1/4/2017,4/7/2017,,,,Monday,8:00,3:00,LAB8,8-127,Johnson
NREM410,A1,1/4/2017,4/7/2017,,,,Wednesday,8:30,1:30,LIB,5-171,Sui
NREM410,A1,1/4/2017,4/7/2017,,,,Monday,8:30,1:30,LIB,5-171,Sui
NREM411,A1,1/4/2017,4/7/2017,,,,Friday,8:30,1:30,LIB,5-140D,Booth
NREM411,A1,1/4/2017,4/7/2017,,,,Wednesday,8:30,1:30,LIB,5-140D,Booth
NREM413,A1,1/4/2017,4/7/2017,,,,Thursday,8:30,1:30,LAB8,8-160,Opio
NREM413,A1,1/4/2017,4/7/2017,,,,Tuesday,8:30,1:30,LAB8,8-160,Opio
NREM613,A1,1/4/2017,4/7/2017,,,,Thursday,8:30,1:30,LAB8,8-160,Opio
NREM613,A1,1/4/2017,4/7/2017,,,,Tuesday,8:30,1:30,LAB8,8-160,Opio
NRES100,A1,1/4/2017,4/7/2017,,,,Thursday,14:30,1:30,LIB,5-155,FSTY
NRES100,A1,1/4/2017,4/7/2017,,,,Tuesday,14:30,1:30,LIB,5-155,FSTY
NRES100,A1,1/4/2017,4/7/2017,,,,Thursday,14:30,1:30,LIB,5-155,Young
NRES100,A1,1/4/2017,4/7/2017,,,,Tuesday,14:30,1:30,LIB,5-155,Young
NRES100,A2,1/4/2017,4/7/2017,,,,Thursday,11:30,1:30,LIB,5-176,FSTY
NRES100,A2,1/4/2017,4/7/2017,,,,Tuesday,11:30,1:30,LIB,5-176,FSTY
NRES100,A2,1/4/2017,4/7/2017,,,,Thursday,11:30,1:30,LIB,5-176,Young
NRES100,A2,1/4/2017,4/7/2017,,,,Tuesday,11:30,1:30,LIB,5-176,Young
NRES421,A1,1/4/2017,4/7/2017,,,,Tuesday,13:30,1:00,LAB8,8-161,Hartley
NRES701,Research in NRES,1/4/2017,4/7/2017,Friday,15:30,1:00,,,,TAL,Oct-72,Dery
NRES701,Research in NRES,1/4/2017,4/7/2017,Friday,14:30,1:00,,,,TAL,Oct-72,
NRES701,Research in NRES,1/4/2017,4/7/2017,Friday,16:30,1:00,,,,TAL,Oct-72,
NRES703,Integrated Resource Management,1/4/2017,4/7/2017,,,,Wednesday,13:00,1:30,TAL,Oct-34,NRES
NRES703,Integrated Resource Management,1/4/2017,4/7/2017,,,,Monday,13:00,1:30,TAL,Oct-34,NRES
NRES710,A1,1/4/2017,4/7/2017,,,,Wednesday,14:30,1:30,LAB8,8-160,Elkin
NRES710,A1,1/4/2017,4/7/2017,,,,Monday,14:30,1:30,LAB8,8-160,Elkin
NRES770,Rural & Small Town Geography,1/4/2017,4/7/2017,,,,Wednesday,14:30,3:00,TAL,Oct-20,Halseth
NRES803,Integrated Env Systems III,1/4/2017,4/7/2017,,,,Monday,8:30,3:00,LIB,5-405,NRES
NRES804,Graduate Seminar,1/4/2017,4/7/2017,,,,Monday,11:30,1:30,TAL,Oct-34,Coxson
NURS304,A1,1/4/2017,4/7/2017,,,,Monday,8:30,3:00,AGO,7-150,Schiller
NURS306,A1,1/4/2017,4/7/2017,,,,Tuesday,14:30,3:00,AGO,7-158,NURS
NURS308,A1,1/4/2017,4/7/2017,,,,Tuesday,11:30,3:00,AGO,7-150,Schiller
NURS317,A1,1/4/2017,4/7/2017,,,,Monday,14:30,3:00,AGO,7-158,NURS
NURS318,A1,1/4/2017,4/7/2017,,,,Tuesday,8:30,3:00,AGO,7-158,Dodenberg
NURS323,A1,1/4/2017,4/7/2017,,,,Tuesday,8:30,3:00,AGO,7-150,NURS
NURS326,A1,1/4/2017,4/7/2017,,,,Monday,14:30,3:00,LIB,5-178,NURS
NURS403,A1,1/10/2017,1/26/2017,Thursday,11:30,3:00,,,,TAL,Oct-20,NURS
NURS403,A1,1/10/2017,1/26/2017,Tuesday,11:30,3:00,,,,TAL,Oct-20,NURS
NURS403,A2,1/10/2017,3/2/2017,Thursday,11:30,3:00,,,,TAL,Oct-20,NURS
NURS403,A2,1/10/2017,3/2/2017,Tuesday,11:30,3:00,,,,TAL,Oct-20,NURS
NURS403,A1,3/7/2017,3/30/2017,Thursday,11:30,3:00,,,,TAL,Oct-20,NURS
NURS403,A1,3/7/2017,3/30/2017,Tuesday,11:30,3:00,,,,TAL,Oct-20,NURS
NURS408,A1,1/5/2017,2/9/2017,Thursday,17:30,3:00,,,,TAL,Oct-20,NURS
NURS408,A1,1/5/2017,2/9/2017,Tuesday,17:30,3:00,,,,TAL,Oct-20,NURS
NURS418,A1,1/4/2017,1/27/2017,Friday,8:30,3:00,,,,TAL,Oct-72,NURS
NURS418,A1,1/4/2017,1/27/2017,Wednesday,8:30,3:00,,,,TAL,Oct-72,NURS
NURS418,A1,1/4/2017,1/27/2017,Monday,8:30,3:00,,,,TAL,Oct-72,NURS
NURS730,Z1,1/8/2017,4/14/2017,Friday,8:00,8:30,,,,LIB,5-174,NURS
NURS730,Z1,1/8/2017,4/14/2017,Thursday,8:00,8:30,,,,LIB,5-174,NURS
NURS730,Z1,1/8/2017,4/14/2017,Wednesday,8:00,8:30,,,,LIB,5-174,NURS
NURS730,Z1,1/8/2017,4/14/2017,Tuesday,8:00,8:30,,,,LIB,5-174,NURS
NURS730,Z1,1/8/2017,4/14/2017,Monday,8:00,8:30,,,,LIB,5-174,NURS
NURS730,Z1,1/8/2017,4/14/2017,Sunday,8:00,8:30,,,,LIB,5-174,NURS
ORTM202,A1,1/4/2017,4/7/2017,,,,Thursday,11:30,1:30,TAL,Oct-44,ORTM
ORTM202,A1,1/4/2017,4/7/2017,,,,Tuesday,11:30,1:30,TAL,Oct-44,ORTM
ORTM306,A1,1/4/2017,4/7/2017,,,,Thursday,11:30,1:30,LIB,5-172,Wright
ORTM306,A1,1/4/2017,4/7/2017,,,,Tuesday,11:30,1:30,LIB,5-172,Wright
ORTM310,A1,1/4/2017,4/7/2017,,,,Thursday,16:00,1:30,TAL,Oct-74,Wright
ORTM310,A1,1/4/2017,4/7/2017,,,,Tuesday,16:00,1:30,TAL,Oct-74,Wright
ORTM332,A1,1/4/2017,4/7/2017,,,,Wednesday,16:00,1:30,LIB,5-184,Mullins
ORTM332,A1,1/4/2017,4/7/2017,,,,Monday,16:00,1:30,LIB,5-184,Mullins
ORTM400,A1,1/4/2017,4/7/2017,,,,Friday,10:00,1:30,LAB8,8-160,Wright
ORTM400,A1,1/4/2017,4/7/2017,,,,Wednesday,10:00,1:30,LAB8,8-160,Wright
ORTM400,A1,1/4/2017,4/7/2017,,,,Friday,10:00,1:30,LAB8,8-125,Wright
ORTM400,A1,1/4/2017,4/7/2017,,,,Wednesday,10:00,1:30,LAB8,8-125,Wright
ORTM407,A1,1/4/2017,4/7/2017,,,,Friday,13:00,1:30,LIB,5-121,ORTM
ORTM407,A1,1/4/2017,4/7/2017,,,,Wednesday,13:00,1:30,LIB,5-121,ORTM
ORTM412,A1,1/4/2017,4/7/2017,,,,Thursday,14:30,1:30,LAB8,8-160,Mullins
ORTM412,A1,1/4/2017,4/7/2017,,,,Tuesday,14:30,1:30,LAB8,8-160,Mullins
ORTM600,A1,1/4/2017,4/7/2017,,,,Friday,10:00,1:30,LAB8,8-160,Wright
ORTM600,A1,1/4/2017,4/7/2017,,,,Wednesday,10:00,1:30,LAB8,8-160,Wright
ORTM600,A1,1/4/2017,4/7/2017,,,,Friday,10:00,1:30,LAB8,8-125,Wright
ORTM600,A1,1/4/2017,4/7/2017,,,,Wednesday,10:00,1:30,LAB8,8-125,Wright
ORTM607,A1,1/4/2017,4/7/2017,,,,Friday,13:00,1:30,LIB,5-121,ORTM
ORTM607,A1,1/4/2017,4/7/2017,,,,Wednesday,13:00,1:30,LIB,5-121,ORTM
ORTM612,A1,1/4/2017,4/7/2017,,,,Thursday,14:30,1:30,LAB8,8-160,Mullins
ORTM612,A1,1/4/2017,4/7/2017,,,,Tuesday,14:30,1:30,LAB8,8-160,Mullins
PHIL202,A1,1/4/2017,4/7/2017,,,,Thursday,11:30,1:30,LAB8,8-164,van der Woerd
PHIL202,A1,1/4/2017,4/7/2017,,,,Tuesday,11:30,1:30,LAB8,8-164,van der Woerd
PHIL305,A1,1/4/2017,4/7/2017,,,,Thursday,8:30,1:30,AGO,7-152,DeWiel
PHIL305,A1,1/4/2017,4/7/2017,,,,Tuesday,8:30,1:30,AGO,7-152,DeWiel
PHYS100,A1,1/4/2017,4/7/2017,Friday,8:30,1:00,,,,TAL,Oct-88,Korkmaz
PHYS100,A1,1/4/2017,4/7/2017,Wednesday,8:30,1:00,,,,TAL,Oct-88,Korkmaz
PHYS100,A1,1/4/2017,4/7/2017,Monday,8:30,1:00,,,,TAL,Oct-88,Korkmaz
PHYS100,L1,1/4/2017,4/7/2017,Thursday,11:30,3:00,,,,LAB8,8-229,Jones
PHYS100,L2,1/4/2017,4/7/2017,Thursday,15:00,3:00,,,,LAB8,8-229,Jones
PHYS100,L3,1/4/2017,4/7/2017,Thursday,18:30,3:00,,,,LAB8,8-229,
PHYS101,A1,1/4/2017,4/7/2017,Friday,13:30,1:00,,,,LAB8,8-166,PHYS
PHYS101,A1,1/4/2017,4/7/2017,Wednesday,13:30,1:00,,,,LAB8,8-166,PHYS
PHYS101,A1,1/4/2017,4/7/2017,Monday,13:30,1:00,,,,LAB8,8-166,PHYS
PHYS101,L1,1/4/2017,4/7/2017,Monday,15:00,3:00,,,,LAB8,8-227,Jones
PHYS101,L2,1/4/2017,4/7/2017,Monday,18:30,3:00,,,,LAB8,8-227,Jones
PHYS101,L3,1/4/2017,4/7/2017,Tuesday,8:30,3:00,,,,LAB8,8-227,Jones
PHYS101,L4,1/4/2017,4/7/2017,Tuesday,15:00,3:00,,,,LAB8,8-227,Jones
PHYS101,L5,1/4/2017,4/7/2017,Tuesday,18:30,3:00,,,,LAB8,8-227,Jones
PHYS111,A1,1/4/2017,4/7/2017,Friday,13:30,1:00,,,,LAB8,8-164,Reid
PHYS111,A1,1/4/2017,4/7/2017,Wednesday,13:30,1:00,,,,LAB8,8-164,Reid
PHYS111,A1,1/4/2017,4/7/2017,Monday,13:30,1:00,,,,LAB8,8-164,Reid
PHYS111,L1,1/4/2017,4/7/2017,Monday,15:00,3:00,,,,LAB8,8-229,Jones
PHYS111,L2,1/4/2017,4/7/2017,Monday,18:30,3:00,,,,LAB8,8-229,Jones
PHYS111,L3,1/4/2017,4/7/2017,Tuesday,8:30,3:00,,,,LAB8,8-229,Jones
PHYS111,L4,1/4/2017,4/7/2017,Tuesday,15:00,3:00,,,,LAB8,8-229,Jones
PHYS111,L5,1/4/2017,4/7/2017,Tuesday,18:30,3:00,,,,LAB8,8-229,
PHYS150,A1,1/4/2017,4/7/2017,,,,Friday,10:30,1:00,AGO,7-152,Korkmaz
PHYS150,A1,1/4/2017,4/7/2017,,,,Wednesday,10:30,1:00,AGO,7-152,Korkmaz
PHYS150,A1,1/4/2017,4/7/2017,,,,Monday,10:30,1:00,AGO,7-152,Korkmaz
PHYS200,A1,1/4/2017,4/7/2017,,,,Friday,8:30,1:00,LIB,5-159,PHYS
PHYS200,A1,1/4/2017,4/7/2017,,,,Wednesday,8:30,1:00,LIB,5-159,PHYS
PHYS200,A1,1/4/2017,4/7/2017,,,,Monday,8:30,1:00,LIB,5-159,PHYS
PHYS206,A1,1/4/2017,4/7/2017,,,,Friday,10:30,1:00,LIB,5-168,Reid
PHYS206,A1,1/4/2017,4/7/2017,,,,Wednesday,10:30,1:00,LIB,5-168,Reid
PHYS206,A1,1/4/2017,4/7/2017,,,,Monday,10:30,1:00,LIB,5-168,Reid
PHYS206,L1,1/4/2017,4/7/2017,Wednesday,15:00,3:00,,,,LAB8,8-227,Jones
PHYS302,A1,1/4/2017,4/7/2017,,,,Friday,13:30,1:00,LAB8,8-161,Shegelski
PHYS302,A1,1/4/2017,4/7/2017,,,,Wednesday,13:30,1:00,LAB8,8-161,Shegelski
PHYS302,A1,1/4/2017,4/7/2017,,,,Monday,13:30,1:00,LAB8,8-161,Shegelski
PHYS409,A1,1/4/2017,4/7/2017,,,,Friday,14:30,1:00,LIB,5-159,Shegelski
PHYS409,A1,1/4/2017,4/7/2017,,,,Wednesday,14:30,1:00,LIB,5-159,Shegelski
PHYS409,A1,1/4/2017,4/7/2017,,,,Monday,14:30,1:00,LIB,5-159,Shegelski
POLS100,A1,1/4/2017,4/7/2017,Wednesday,10:00,1:30,,,,LAB8,8-164,Wilson
POLS100,A1,1/4/2017,4/7/2017,Monday,10:00,1:30,,,,LAB8,8-164,Wilson
POLS100,T1,1/4/2017,4/7/2017,,,,Tuesday,11:30,1:00,LIB,5-184,Wilson
POLS100,T2,1/4/2017,4/7/2017,,,,Thursday,11:30,1:00,LIB,5-168,Wilson
POLS100,T3,1/4/2017,4/7/2017,,,,Wednesday,8:30,1:00,LIB,5-168,Wilson
POLS100,T4,1/4/2017,4/7/2017,,,,Monday,8:30,1:00,LIB,5-168,Wilson
POLS200,A1,1/4/2017,4/7/2017,,,,Wednesday,14:30,1:30,LIB,5-177,Summerville
POLS200,A1,1/4/2017,4/7/2017,,,,Monday,14:30,1:30,LIB,5-177,Summerville
POLS257,A1,1/4/2017,4/26/2017,,,,Tuesday,18:00,3:00,LIB,5-159,Duncan
POLS303,A1,1/4/2017,4/7/2017,,,,Friday,8:30,1:30,LIB,5-184,Lacharite
POLS303,A1,1/4/2017,4/7/2017,,,,Wednesday,8:30,1:30,LIB,5-184,Lacharite
POLS320,A1,1/4/2017,4/7/2017,,,,Wednesday,14:30,1:30,TAL,Oct-72,Morris
POLS320,A1,1/4/2017,4/7/2017,,,,Monday,14:30,1:30,TAL,Oct-72,Morris
POLS332,A1,1/4/2017,4/7/2017,,,,Thursday,10:00,1:30,LIB,5-171,Halseth
POLS332,A1,1/4/2017,4/7/2017,,,,Tuesday,10:00,1:30,LIB,5-171,Halseth
POLS344,A1,1/4/2017,4/7/2017,,,,Thursday,11:30,1:30,TAL,Oct-72,McGill
POLS344,A1,1/4/2017,4/7/2017,,,,Tuesday,11:30,1:30,TAL,Oct-72,McGill
POLS370,A1,1/4/2017,4/7/2017,,,,Thursday,8:30,1:30,AGO,7-152,DeWiel
POLS370,A1,1/4/2017,4/7/2017,,,,Tuesday,8:30,1:30,AGO,7-152,DeWiel
POLS403,A1,1/10/2017,1/26/2017,Thursday,8:30,3:00,,,,AGO,7-238,Morris
POLS403,A1,1/10/2017,1/26/2017,Tuesday,8:30,3:00,,,,AGO,7-238,Morris
POLS403,A2,1/10/2017,3/2/2017,Thursday,8:30,3:00,,,,AGO,7-238,Morris
POLS403,A2,1/10/2017,3/2/2017,Tuesday,8:30,3:00,,,,AGO,7-238,Morris
POLS403,A1,3/7/2017,3/30/2017,Thursday,8:30,3:00,,,,AGO,7-238,Morris
POLS403,A1,3/7/2017,3/30/2017,Tuesday,8:30,3:00,,,,AGO,7-238,Morris
POLS415,A1,1/4/2017,4/7/2017,,,,Tuesday,14:30,3:00,TAL,Oct-60,Wilson
POLS480,A1,1/4/2017,4/26/2017,,,,Wednesday,11:30,3:00,LAB8,8-160,Loukacheva
POLS615,A1,1/4/2017,4/7/2017,,,,Tuesday,14:30,3:00,TAL,Oct-60,Wilson
POLS680,A1,1/4/2017,4/26/2017,,,,Wednesday,11:30,3:00,LAB8,8-160,Loukacheva
PSYC101,A1,1/4/2017,4/7/2017,,,,Thursday,8:30,1:30,CFC,6-213,Siakaluk
PSYC101,A1,1/4/2017,4/7/2017,,,,Tuesday,8:30,1:30,CFC,6-213,Siakaluk
PSYC102,A1,1/4/2017,4/7/2017,Friday,9:30,1:00,,,,CFC,6-213,PSYC
PSYC102,A1,1/4/2017,4/7/2017,Wednesday,9:30,1:00,,,,CFC,6-213,PSYC
PSYC102,A1,1/4/2017,4/7/2017,Monday,9:30,1:00,,,,CFC,6-213,PSYC
PSYC202,A1,1/4/2017,4/7/2017,,,,Wednesday,10:00,1:30,LIB,5-177,Siakaluk
PSYC202,A1,1/4/2017,4/7/2017,,,,Monday,10:00,1:30,LIB,5-177,Siakaluk
PSYC215,L1,1/4/2017,4/7/2017,,,,Monday,13:30,1:00,LIB,5-154,Howard
PSYC215,A1,1/4/2017,4/7/2017,,,,Thursday,16:30,1:00,LIB,5-174,Howard
PSYC215,A1,1/4/2017,4/7/2017,,,,Tuesday,16:30,1:00,LIB,5-174,Howard
PSYC301,A1,1/4/2017,4/7/2017,,,,Wednesday,10:00,1:30,LIB,5-175,Lavallee
PSYC301,A1,1/4/2017,4/7/2017,,,,Monday,10:00,1:30,LIB,5-175,Lavallee
PSYC309,A1,1/4/2017,4/7/2017,,,,Friday,14:30,1:00,LAB8,8-164,PSYC
PSYC309,A1,1/4/2017,4/7/2017,,,,Wednesday,14:30,1:00,LAB8,8-164,PSYC
PSYC309,A1,1/4/2017,4/7/2017,,,,Monday,14:30,1:00,LAB8,8-164,PSYC
PSYC316,A1,1/4/2017,4/7/2017,,,,Thursday,8:30,1:30,LIB,5-176,PSYC
PSYC316,A1,1/4/2017,4/7/2017,,,,Tuesday,8:30,1:30,LIB,5-176,PSYC
PSYC316,L1,1/4/2017,4/7/2017,,,,Wednesday,8:30,1:00,TAL,Oct-34,Howard
PSYC316,L2,1/4/2017,4/7/2017,,,,Wednesday,11:30,1:00,TAL,Oct-34,Howard
PSYC317,A1,1/4/2017,4/7/2017,,,,Thursday,10:00,1:30,TAL,Oct-88,PSYC
PSYC317,A1,1/4/2017,4/7/2017,,,,Tuesday,10:00,1:30,TAL,Oct-88,PSYC
PSYC318,A1,1/4/2017,4/7/2017,,,,Wednesday,16:00,1:30,AGO,7-152,
PSYC318,A1,1/4/2017,4/7/2017,,,,Monday,16:00,1:30,AGO,7-152,
PSYC345,A1,1/4/2017,4/7/2017,,,,Friday,13:00,1:30,AGO,7-158,Beaumont
PSYC345,A1,1/4/2017,4/7/2017,,,,Wednesday,13:00,1:30,AGO,7-158,Beaumont
PSYC405,A1,1/4/2017,4/7/2017,,,,Wednesday,16:00,1:30,TAL,Oct-44,Hardy
PSYC405,A1,1/4/2017,4/7/2017,,,,Monday,16:00,1:30,TAL,Oct-44,Hardy
PSYC408,A1,1/4/2017,4/7/2017,,,,Monday,8:30,3:00,,,
PSYC455,A1,1/4/2017,4/7/2017,,,,Tuesday,8:30,3:00,LIB,5-158,Lavallee
PSYC485,A1,1/4/2017,4/7/2017,,,,Wednesday,14:30,1:30,LIB,5-122,Beaumont
PSYC485,A1,1/4/2017,4/7/2017,,,,Monday,14:30,1:30,LIB,5-122,Beaumont
PSYC605,L1,1/4/2017,4/7/2017,,,,Monday,8:30,3:00,LAB8,8-364,Howard
PSYC605,A1,1/4/2017,4/7/2017,,,,Wednesday,16:00,1:30,TAL,Oct-60,PSYC
PSYC605,A1,1/4/2017,4/7/2017,,,,Monday,16:00,1:30,TAL,Oct-60,PSYC
PSYC750,A1,1/4/2017,4/7/2017,,,,Wednesday,14:30,1:30,LIB,5-122,Beaumont
PSYC750,A1,1/4/2017,4/7/2017,,,,Monday,14:30,1:30,LIB,5-122,Beaumont
SOCW302,A1,1/4/2017,4/7/2017,Wednesday,13:00,3:00,,,,LIB,5-175,Transken
SOCW302,A1,1/4/2017,4/7/2017,Wednesday,13:00,3:00,,,,LIB,5-155,Transken
SOCW302,A2,1/4/2017,4/7/2017,Wednesday,13:00,3:00,,,,LIB,5-175,SOCW
SOCW302,A2,1/4/2017,4/7/2017,Wednesday,13:00,3:00,,,,LIB,5-155,SOCW
SOCW330,A1,1/4/2017,4/7/2017,Monday,8:30,3:00,,,,LIB,5-178,SOCW
SOCW402,A1,1/4/2017,4/7/2017,Friday,9:00,6:30,,,,LIB,5-183,Stubley
SOCW402,A2,1/4/2017,4/7/2017,Friday,9:00,6:30,,,,TAL,Oct-34,SOCW
SOCW440,A1,1/4/2017,4/7/2017,Monday,14:30,3:00,,,,LIB,5-155,Stubley
SOCW452,A1,1/4/2017,4/7/2017,Wednesday,11:30,3:00,,,,LIB,5-168,Pierce
SOCW498,A2,1/4/2017,4/26/2017,Tuesday,8:30,3:00,,,,TAL,Oct-76,Pierce
SOCW632,A1,1/4/2017,4/26/2017,Tuesday,8:30,3:00,,,,,,Schmidt
SOCW634,A1,1/4/2017,4/7/2017,Monday,8:30,3:00,,,,LIB,5-178,SOCW
SOCW637,A1,1/4/2017,4/26/2017,Tuesday,8:30,3:00,,,,,,Schmidt
SOCW704,A1,1/4/2017,4/7/2017,Wednesday,8:30,3:00,,,,LAB8,8-161,Transken
STAT240,A1,1/4/2017,4/7/2017,,,,Friday,11:30,1:00,LAB8,8-164,Kumar
STAT240,A1,1/4/2017,4/7/2017,,,,Wednesday,11:30,1:00,LAB8,8-164,Kumar
STAT240,A1,1/4/2017,4/7/2017,,,,Monday,11:30,1:00,LAB8,8-164,Kumar
STAT240,L1,1/4/2017,4/7/2017,,,,Tuesday,9:30,1:00,TAL,Oct-34,MATH
STAT240,L2,1/4/2017,4/7/2017,,,,Friday,12:30,1:00,TAL,Oct-34,MATH
STAT240,L3,1/4/2017,4/7/2017,,,,Friday,9:30,1:00,TAL,Oct-34,MATH
STAT240,L4,1/4/2017,4/7/2017,,,,Tuesday,13:30,1:00,TAL,Oct-34,MATH
STAT372,A1,1/4/2017,4/7/2017,,,,Friday,11:30,1:00,LIB,5-122,Keen
STAT372,A1,1/4/2017,4/7/2017,,,,Wednesday,11:30,1:00,LIB,5-122,Keen
STAT372,A1,1/4/2017,4/7/2017,,,,Monday,11:30,1:00,LIB,5-122,Keen
STAT475,A1,1/4/2017,4/7/2017,,,,Tuesday,18:00,3:00,TAL,Oct-22,Keen
STAT675,A1,1/4/2017,4/7/2017,,,,Tuesday,18:00,3:00,TAL,Oct-22,Keen
WMST413,W1,1/4/2017,4/7/2017,,,,Thursday,11:30,3:00,LAB8,8-161,FNST
